Temperature_C,Concentration_M,pH,Reaction_Time_h,Catalyst,Catalyst_Loading_mol%,Solvent,Yield_%,Impurity_%
92.4,0.933,8.3,0.7,Raney-Ni,0.12,DMSO,95.0,4.669
65.5,0.769,5.9,3.0,None,0.0,DCM,82.62,2.694
43.1,2.103,7.0,7.9,DMAP,1.2,Toluene,93.54,1.044
99.5,0.577,9.3,0.8,Pd/C,0.4,MeOH,95.0,2.976
25.5,0.593,7.3,1.6,DMAP,6.5,EtOAc,86.99,2.123
56.2,0.592,3.2,1.4,Raney-Ni,2.49,DCM,83.45,4.595
57.6,0.946,9.9,4.4,TFA,4.36,DMF,87.28,3.875
164.3,0.631,6.2,0.5,DMAP,0.75,DCM,83.72,2.161
74.7,0.808,8.0,8.2,TEMPO,4.53,DMSO,95.0,4.765
80.1,0.889,4.2,0.5,TFA,0.49,DMF,95.0,2.922
61.0,1.257,6.9,0.5,Pd/C,0.55,DCM,95.0,3.219
99.8,0.635,9.8,4.0,Pd/C,0.77,EtOAc,95.0,1.642
96.2,0.543,8.1,2.0,Pt/C,0.3,Water,95.0,2.133
85.7,1.922,3.8,0.5,DMP,4.28,Toluene,95.0,4.243
101.3,2.446,8.1,14.5,Pt/C,1.33,THF,95.0,1.988
113.6,0.693,5.1,3.1,Raney-Ni,0.62,DMF,95.0,3.954
148.4,1.048,4.2,5.1,Raney-Ni,0.1,MeOH,90.42,3.946
91.8,0.964,5.3,7.6,Raney-Ni,1.63,THF,95.0,6.943
81.5,0.565,7.7,4.8,PPh3,0.7,DMSO,95.0,2.113
94.3,1.764,8.9,8.8,DMAP,0.2,THF,95.0,2.03
68.2,1.724,7.1,5.9,DMP,0.18,DMSO,95.0,7.014
29.4,1.098,5.7,2.3,DMAP,0.41,Toluene,95.0,1.758
72.0,0.903,7.5,4.3,DMP,2.62,DMF,95.0,2.227
73.0,0.739,5.9,2.5,DMP,0.1,DMSO,95.0,4.339
128.3,1.23,8.1,11.5,TEMPO,2.26,Water,95.0,4.933
51.4,1.344,5.2,1.9,Raney-Ni,2.3,THF,95.0,2.794
88.9,0.707,8.8,5.3,DMP,1.59,EtOAc,95.0,2.071
106.1,1.121,3.9,4.6,DMAP,0.54,EtOAc,95.0,1.092
69.7,1.636,7.2,2.6,DMP,0.69,Toluene,95.0,3.471
62.5,0.996,2.8,8.7,Pt/C,2.87,EtOAc,95.0,2.701
68.2,1.123,4.1,6.7,DMAP,1.79,EtOAc,91.25,1.466
61.9,0.391,5.9,3.4,TEMPO,0.25,Water,87.8,2.141
71.4,1.257,7.1,19.8,DMP,1.61,MeOH,95.0,4.144
101.8,1.096,11.4,1.3,TEMPO,0.87,Water,84.51,3.468
103.8,0.749,5.2,9.7,PPh3,1.08,THF,95.0,2.231
115.0,0.8,7.7,1.9,None,0.0,DMF,90.81,2.762
85.5,0.785,10.3,9.8,DMAP,2.59,Toluene,95.0,1.222
88.3,0.879,1.0,7.1,Pt/C,1.61,DCM,95.0,2.515
117.2,1.551,6.1,0.5,PPh3,1.78,THF,95.0,3.326
120.7,0.502,3.6,2.5,Pt/C,1.36,DMF,95.0,1.348
52.5,1.276,8.5,2.6,Pt/C,0.1,EtOH,95.0,1.41
66.2,0.549,10.9,0.5,None,0.0,EtOAc,73.57,3.926
84.5,0.679,7.0,10.3,DMAP,2.55,Water,95.0,2.776
50.8,0.436,7.6,0.8,DMAP,3.67,EtOAc,87.86,1.239
72.5,2.964,10.1,3.3,TFA,1.66,DCM,73.98,3.064
92.4,0.907,6.6,7.6,TFA,3.69,DMSO,95.0,4.21
79.8,1.253,8.6,5.1,TFA,3.65,EtOH,95.0,3.61
104.7,1.465,7.0,10.8,Raney-Ni,0.92,DCM,95.0,2.68
78.2,0.599,9.6,0.5,DMP,0.27,THF,95.0,4.104
77.0,1.059,5.8,0.7,DMP,3.37,Toluene,95.0,3.97
29.0,0.604,3.3,5.5,Pd/C,0.88,EtOAc,89.93,2.302
110.4,0.644,5.2,8.4,Pd/C,2.71,MeOH,95.0,2.723
96.5,0.635,10.3,0.5,TEMPO,1.85,Water,92.45,2.843
113.3,2.717,8.4,7.0,TFA,0.52,DMF,95.0,2.453
101.7,0.626,5.2,10.0,DMP,0.1,Water,95.0,1.996
71.8,0.79,6.2,7.3,Pd/C,1.46,DMF,95.0,2.079
54.7,0.437,8.6,1.7,Pt/C,5.01,THF,95.0,1.493
62.0,1.573,5.7,2.9,Pd/C,1.23,MeOH,95.0,1.739
45.9,0.385,5.9,2.5,Pd/C,1.77,Water,95.0,2.211
71.1,1.127,5.9,5.6,Raney-Ni,1.05,THF,95.0,1.293
98.0,0.569,6.0,4.2,TFA,3.27,THF,95.0,3.684
37.7,0.637,7.5,5.3,DMP,0.26,EtOH,86.5,3.318
68.5,1.723,9.4,1.8,DMP,5.93,EtOH,85.14,5.324
70.9,0.972,7.6,4.0,DMAP,0.3,EtOAc,91.8,0.673
39.3,1.318,11.0,7.1,DMAP,0.1,Toluene,94.06,2.368
34.0,0.527,5.8,0.7,Pd/C,0.19,EtOH,94.95,3.418
93.5,1.069,8.0,0.6,TFA,0.63,DCM,95.0,3.531
68.0,3.0,4.5,2.1,TFA,0.57,EtOAc,57.39,3.528
47.0,0.893,9.1,5.3,DMP,2.15,DCM,94.09,6.357
90.7,1.109,7.5,9.9,DMP,0.71,DMSO,95.0,5.68
103.5,0.773,7.2,1.0,Pt/C,2.38,EtOH,95.0,3.005
105.8,0.476,7.5,1.1,DMAP,4.08,EtOH,95.0,7.343
110.6,0.711,6.0,4.0,TFA,2.92,EtOAc,85.44,2.085
54.8,0.591,3.1,4.6,DMP,0.19,Toluene,84.75,3.195
84.2,1.279,7.6,1.0,Pt/C,0.5,EtOAc,95.0,3.984
70.7,0.556,8.6,0.7,Raney-Ni,1.95,DMF,95.0,2.238
75.5,0.414,6.9,10.7,Pt/C,0.58,Water,95.0,2.14
102.7,1.018,10.7,3.1,Pd/C,1.47,DMF,95.0,1.945
56.8,1.346,9.1,0.5,DMP,0.35,DMSO,95.0,3.071
80.6,1.046,8.5,3.1,Raney-Ni,0.67,DMF,95.0,2.674
66.1,1.279,8.0,4.9,PPh3,0.12,DCM,95.0,2.399
37.4,1.997,9.3,1.2,DMAP,0.64,THF,74.38,2.478
108.0,1.926,6.6,11.5,DMP,1.01,MeOH,94.78,2.878
81.9,0.892,8.9,2.6,TFA,4.06,EtOAc,95.0,2.736
111.2,1.279,4.9,0.5,TEMPO,1.63,MeOH,95.0,3.007
129.1,0.825,7.7,5.1,None,0.0,DCM,83.45,3.248
71.9,1.024,4.1,1.7,TFA,0.79,THF,95.0,1.821
84.9,0.588,9.0,0.9,DMAP,6.05,DCM,95.0,1.378
111.6,1.323,6.3,4.3,TEMPO,3.4,DMF,95.0,1.598
63.7,0.785,6.4,14.9,TEMPO,4.11,Water,95.0,2.866
67.8,3.0,6.6,1.0,PPh3,3.67,DCM,75.2,3.222
80.7,2.204,8.9,3.5,DMP,1.33,THF,95.0,5.508
93.3,0.534,9.8,0.6,TFA,4.79,MeOH,95.0,3.794
93.6,0.831,8.5,1.8,Pt/C,0.36,DMSO,94.24,2.682
41.1,0.873,2.8,7.1,Pd/C,0.57,Toluene,95.0,2.392
72.0,2.825,7.8,3.5,PPh3,0.63,MeOH,89.02,2.057
75.3,1.251,5.8,0.6,DMP,6.71,THF,95.0,3.194
132.2,0.933,9.2,0.9,DMAP,7.01,Water,71.38,2.058
79.2,2.723,8.9,3.4,TFA,2.34,EtOAc,79.13,3.139
105.1,0.881,7.7,5.4,TEMPO,1.04,THF,95.0,3.46
76.2,1.065,6.7,1.6,DMAP,0.96,Toluene,95.0,1.31
91.3,0.592,7.0,3.1,TFA,1.3,THF,95.0,3.181
114.6,1.326,8.2,12.5,DMP,1.13,DMSO,95.0,3.396
45.1,0.953,7.8,3.0,Raney-Ni,0.75,Water,82.38,1.355
55.8,1.317,10.7,0.5,TFA,1.11,MeOH,84.83,1.562
86.2,3.0,9.7,4.2,TFA,3.66,EtOAc,74.42,3.918
125.5,0.661,7.5,2.4,Pt/C,0.37,Toluene,95.0,2.28
104.1,3.0,5.9,3.6,None,0.0,THF,55.41,5.357
89.7,1.826,8.4,5.9,TEMPO,2.07,Water,95.0,3.158
92.3,1.62,7.4,1.3,TFA,2.28,THF,95.0,2.542
79.7,1.058,8.7,0.5,DMP,0.37,EtOAc,86.05,6.032
21.6,0.779,5.5,4.5,TEMPO,0.59,DMF,95.0,1.481
72.7,0.816,4.7,1.7,None,0.0,EtOAc,73.27,5.102
89.1,2.016,3.0,2.8,Pd/C,3.4,DMF,95.0,2.884
75.6,0.685,8.1,1.7,TEMPO,2.05,THF,95.0,2.924
63.7,1.303,1.9,0.6,DMP,0.14,THF,93.79,4.356
81.6,0.372,5.1,4.1,Pt/C,0.33,DMSO,95.0,1.954
65.9,0.814,6.3,0.5,Pd/C,2.01,MeOH,95.0,3.633
101.9,1.4,10.4,1.7,PPh3,2.65,DMSO,95.0,1.355
66.3,1.216,4.0,0.5,Pt/C,0.44,Toluene,95.0,2.106
62.8,0.795,8.5,6.7,TEMPO,1.0,DMF,95.0,4.686
75.1,0.827,6.8,6.1,DMAP,0.98,THF,95.0,1.294
79.2,1.138,8.6,6.5,Raney-Ni,0.1,Water,95.0,5.701
64.7,1.817,9.5,7.1,TFA,0.17,DMF,80.82,4.765
74.7,0.943,6.9,9.0,DMP,0.69,MeOH,95.0,4.602
70.9,0.657,4.9,2.3,None,0.0,THF,75.81,5.938
101.5,0.747,6.7,5.6,DMP,2.76,Water,95.0,3.731
123.2,1.162,7.6,0.5,Pt/C,0.33,EtOH,94.72,1.808
105.0,1.108,4.6,3.3,TFA,2.71,DCM,95.0,3.354
99.0,1.339,10.1,1.9,None,0.0,MeOH,89.09,3.58
99.3,1.753,8.3,2.5,Raney-Ni,0.27,Toluene,95.0,2.638
69.6,0.554,9.0,2.9,Raney-Ni,0.22,Water,95.0,2.989
55.2,1.213,9.1,16.1,DMP,1.46,MeOH,95.0,2.173
117.8,1.371,5.0,4.0,PPh3,1.7,DMSO,95.0,1.208
66.8,1.471,3.2,11.3,Raney-Ni,0.95,EtOH,95.0,3.793
82.5,1.076,6.1,2.0,TEMPO,1.28,Water,95.0,1.905
53.3,0.38,6.0,0.7,TEMPO,0.1,Water,95.0,2.671
99.7,0.64,4.9,8.6,DMP,0.6,Water,95.0,3.167
91.7,0.982,3.8,0.5,Pt/C,0.51,Toluene,95.0,2.952
72.6,1.079,7.8,0.5,PPh3,1.33,THF,95.0,1.825
95.5,2.798,7.0,6.6,Raney-Ni,3.09,EtOH,84.17,3.402
88.1,0.881,6.4,16.8,Pd/C,0.13,THF,95.0,2.565
69.3,1.776,7.2,1.4,None,0.0,MeOH,70.41,5.798
130.5,0.4,7.8,1.8,Pt/C,1.41,Water,84.93,2.54
58.5,1.77,7.0,0.5,Pt/C,11.67,MeOH,95.0,0.821
67.4,1.322,7.6,1.6,None,0.0,MeOH,85.48,6.008
52.3,0.657,7.3,3.0,DMP,0.18,Water,92.96,2.688
128.6,0.444,8.6,7.4,Raney-Ni,0.27,DCM,95.0,3.848
94.7,0.789,8.7,4.7,None,0.0,DMF,85.95,6.914
97.1,0.743,8.7,0.5,Pt/C,0.95,Water,95.0,2.374
78.8,0.859,7.8,14.4,Raney-Ni,3.27,EtOH,95.0,3.058
89.2,2.507,6.6,0.5,TFA,0.72,MeOH,81.67,3.901
90.7,1.568,8.8,0.8,DMAP,0.67,DCM,95.0,1.481
78.4,0.467,7.4,0.5,Raney-Ni,0.13,DCM,95.0,3.168
70.3,0.642,6.3,11.8,PPh3,3.11,MeOH,95.0,5.425
57.6,0.628,7.7,1.3,PPh3,4.44,DMF,95.0,1.603
44.6,0.273,5.9,2.4,TEMPO,1.79,Water,95.0,3.083
20.4,0.486,6.0,0.5,None,0.0,EtOAc,56.95,5.709
78.4,0.744,10.0,8.6,DMP,3.47,DCM,95.0,2.029
83.6,0.735,5.6,1.9,TEMPO,0.19,THF,95.0,3.122
124.6,0.587,8.6,3.7,Pt/C,4.89,EtOH,95.0,2.351
51.4,1.056,6.9,1.4,Pd/C,1.72,DMSO,95.0,2.901
91.8,1.526,10.7,1.3,DMP,3.11,DMF,95.0,4.512
99.8,0.417,9.6,4.9,Pd/C,0.94,Water,93.26,1.68
81.2,0.922,4.2,0.5,Pd/C,2.26,DCM,95.0,2.691
78.9,0.564,7.0,13.3,TEMPO,5.2,DMF,95.0,2.3
69.7,1.708,6.1,2.3,Pt/C,8.27,EtOAc,88.91,1.953
84.6,0.554,10.1,7.2,Raney-Ni,0.72,EtOH,95.0,4.967
30.5,1.453,4.9,2.3,Pt/C,1.03,MeOH,93.15,1.758
68.4,0.948,12.0,1.0,DMP,2.56,THF,82.95,3.41
95.5,0.831,7.8,2.6,PPh3,0.94,DMSO,95.0,2.119
106.4,1.118,6.9,7.0,TEMPO,6.25,DMSO,95.0,5.194
94.8,0.23,8.3,0.5,PPh3,2.57,DMF,95.0,2.231
103.8,1.292,8.5,5.4,DMP,5.53,Water,95.0,2.534
56.0,1.628,7.9,4.0,Pt/C,1.48,EtOH,85.92,1.62
76.0,0.701,5.0,1.3,TFA,5.3,DMSO,95.0,2.731
81.5,1.149,9.7,0.5,Pd/C,1.4,DMSO,95.0,2.172
101.1,1.323,7.5,2.9,DMAP,0.63,Water,95.0,2.063
64.3,1.008,8.9,0.5,Pt/C,0.1,Water,86.71,1.437
68.1,1.548,7.5,2.3,Pd/C,0.95,DMF,95.0,2.447
93.1,0.665,7.4,5.7,Pd/C,2.42,MeOH,95.0,1.447
80.0,1.351,4.1,0.9,Raney-Ni,0.11,EtOAc,86.02,2.494
106.0,0.963,8.3,3.7,Pt/C,0.29,EtOAc,95.0,2.698
84.8,0.929,5.2,0.5,PPh3,1.45,DMF,95.0,1.232
74.3,0.608,1.9,3.0,PPh3,0.1,MeOH,95.0,2.841
83.0,2.168,6.5,1.2,DMP,2.97,EtOAc,95.0,3.288
96.8,1.403,2.5,1.4,Raney-Ni,5.54,EtOAc,92.85,6.942
84.7,0.451,9.6,3.3,PPh3,0.46,EtOAc,95.0,1.55
80.5,1.208,9.2,11.8,PPh3,2.58,Water,95.0,2.951
37.8,0.698,5.6,11.9,DMP,0.64,DMF,95.0,1.857
44.4,0.875,6.1,12.9,TEMPO,1.38,EtOH,95.0,4.695
67.4,0.751,8.1,1.8,Pd/C,6.11,Toluene,95.0,1.511
117.1,0.896,7.6,7.2,TEMPO,0.95,Toluene,95.0,2.677
64.8,1.463,5.9,9.0,TEMPO,0.33,EtOAc,95.0,3.293
77.9,0.715,8.6,19.5,TEMPO,0.89,Toluene,95.0,2.851
69.8,1.409,7.2,2.3,Raney-Ni,1.45,Toluene,95.0,4.883
115.3,0.817,6.3,0.9,TFA,0.7,EtOAc,71.91,4.271
57.4,0.956,8.8,1.7,TEMPO,1.45,EtOH,95.0,2.597
140.6,1.536,6.7,5.1,TFA,0.46,DMSO,94.86,2.252
100.3,1.952,10.0,3.8,DMP,0.58,EtOAc,87.42,2.854
86.3,2.191,6.3,2.1,Pt/C,0.63,EtOAc,92.94,1.803
116.4,1.169,5.3,14.4,TFA,2.39,THF,95.0,5.696
101.0,0.734,5.9,1.6,TEMPO,3.88,Toluene,95.0,2.789
91.4,0.765,5.6,0.5,TEMPO,0.1,EtOH,95.0,4.336
92.5,1.025,7.0,5.1,PPh3,0.4,Water,95.0,2.142
52.1,0.603,7.8,6.4,DMAP,5.48,Water,95.0,0.841
78.6,0.887,6.3,10.9,DMP,4.21,EtOAc,95.0,3.348
84.1,0.98,8.4,0.5,DMAP,3.08,EtOH,95.0,1.274
90.1,0.979,7.2,15.4,None,0.0,Toluene,92.91,3.448
122.6,1.061,8.6,4.7,DMAP,0.38,DMSO,95.0,1.585
131.1,1.47,5.2,3.3,None,0.0,DCM,91.95,2.718
76.7,0.604,4.4,11.2,DMP,1.77,Water,95.0,3.209
94.3,0.969,9.2,0.8,PPh3,0.21,DMF,95.0,2.529
69.1,0.448,10.5,4.1,Pt/C,0.46,MeOH,95.0,1.257
73.8,1.417,4.2,3.6,Pt/C,3.65,DMSO,95.0,2.026
101.7,1.558,5.5,1.9,None,0.0,DMF,95.0,5.269
69.5,1.976,7.7,7.2,TFA,1.53,MeOH,95.0,4.068
89.9,0.518,5.4,0.5,Pd/C,2.5,DMSO,95.0,3.152
100.2,1.314,9.7,0.5,TFA,0.59,DMSO,95.0,3.579
94.2,1.852,4.2,1.1,Pd/C,4.68,Toluene,95.0,4.44
67.3,0.355,6.6,1.4,DMP,0.4,DMSO,95.0,2.533
82.8,2.392,6.4,1.7,Raney-Ni,0.25,MeOH,95.0,2.001
91.2,2.177,6.9,5.6,Pd/C,2.27,EtOH,95.0,2.733
78.9,2.627,6.8,15.7,Pd/C,0.24,DMSO,95.0,4.047
90.5,1.54,8.9,1.0,None,0.0,DMF,89.13,5.69
107.4,0.731,4.4,7.7,Raney-Ni,1.05,Toluene,95.0,2.07
94.3,0.688,7.3,16.0,Pt/C,1.44,THF,95.0,1.627
97.6,2.106,5.2,1.8,Pt/C,0.93,DCM,95.0,2.205
110.2,3.0,9.7,5.7,Raney-Ni,0.46,Toluene,70.02,2.83
96.0,0.48,9.9,7.7,DMP,2.84,DMF,95.0,3.252
105.8,1.153,7.8,5.5,Pd/C,0.29,THF,95.0,2.651
113.0,1.438,7.3,7.0,DMP,3.47,MeOH,95.0,5.596
98.5,1.504,6.2,2.5,PPh3,1.07,DMF,95.0,2.64
81.7,0.489,6.1,4.4,Pt/C,2.76,THF,95.0,4.481
95.1,1.684,7.0,3.4,Pd/C,0.1,EtOH,95.0,2.25
113.4,1.37,9.1,3.9,DMP,1.74,EtOH,95.0,3.177
97.6,1.083,6.6,3.0,DMP,1.17,EtOH,95.0,5.686
69.1,1.698,7.4,0.5,None,0.0,EtOAc,87.1,3.603
82.3,0.766,8.3,0.5,Pt/C,1.88,DCM,95.0,2.009
52.4,0.855,3.7,10.2,TFA,1.8,Water,93.5,3.142
100.9,2.275,7.9,4.6,DMP,0.68,DMSO,95.0,6.93
109.8,0.942,6.6,0.5,DMAP,2.21,DCM,95.0,1.38
63.0,0.981,9.5,16.9,None,0.0,Water,54.81,4.525
44.6,0.522,8.7,0.7,PPh3,0.72,Water,95.0,5.391
118.6,0.688,5.3,0.8,None,0.0,THF,75.59,6.023
50.4,0.779,10.4,2.7,PPh3,2.15,EtOH,91.35,2.082
81.1,1.959,7.2,8.1,PPh3,7.03,MeOH,95.0,2.186
79.2,1.798,8.7,3.7,PPh3,1.64,Water,95.0,2.412
93.0,2.257,12.0,3.6,TEMPO,0.11,THF,95.0,2.153
83.6,1.333,8.5,3.8,PPh3,1.44,THF,95.0,2.548
49.5,1.386,6.2,5.9,DMP,1.97,DMSO,95.0,4.873
63.8,0.57,10.1,9.9,TFA,5.11,Water,90.74,3.618
87.0,0.49,7.4,10.5,PPh3,0.77,THF,95.0,1.819
49.2,0.606,7.2,3.6,PPh3,0.43,EtOH,95.0,3.556
66.0,0.364,7.9,1.7,Raney-Ni,0.31,EtOH,95.0,6.113
78.1,1.42,6.0,1.1,TFA,0.84,Water,95.0,3.671
47.2,1.533,5.9,0.5,Pd/C,0.48,EtOH,92.28,4.6
108.4,0.575,5.4,0.8,DMP,3.98,EtOAc,95.0,6.386
90.4,0.725,9.3,2.0,PPh3,0.1,DCM,95.0,2.615
61.5,2.294,8.3,0.5,DMP,1.25,Toluene,83.64,4.338
81.8,0.899,5.1,0.8,TFA,1.1,DMF,95.0,1.588
80.6,0.792,4.8,4.7,DMP,0.16,DCM,95.0,2.939
69.0,1.683,7.3,0.8,TFA,2.87,DMF,95.0,2.758
125.9,0.489,6.6,1.1,Pt/C,0.81,THF,95.0,3.44
81.9,0.914,4.6,4.6,TFA,1.89,Water,95.0,3.224
66.1,1.108,4.6,0.7,TEMPO,1.63,THF,95.0,3.698
114.3,2.044,9.9,3.0,DMP,1.12,Toluene,82.93,5.183
30.8,0.572,6.6,7.4,TFA,0.74,EtOAc,95.0,5.046
77.6,1.233,5.3,4.4,PPh3,5.87,EtOH,95.0,1.727
112.1,1.723,7.9,1.0,TEMPO,1.08,DMSO,95.0,3.193
59.0,0.894,4.7,1.1,DMP,5.92,Toluene,95.0,4.009
70.3,0.499,5.6,1.1,TEMPO,0.1,DMSO,95.0,2.035
51.0,0.857,5.6,1.2,TFA,0.19,Toluene,86.34,2.136
101.0,1.203,8.6,2.6,TEMPO,0.49,EtOH,95.0,3.063
55.3,0.885,7.8,3.5,Raney-Ni,3.25,DMSO,95.0,1.637
87.6,0.67,7.6,0.6,TEMPO,1.01,THF,95.0,1.694
95.1,1.747,9.1,1.4,DMP,1.14,THF,95.0,3.276
38.2,0.767,8.1,1.2,Pd/C,1.36,DCM,95.0,2.418
76.5,0.867,8.4,1.6,TFA,2.11,EtOAc,95.0,2.822
40.1,2.332,9.4,7.4,DMAP,1.11,THF,84.77,1.637
84.6,1.598,7.0,0.5,DMP,0.27,THF,95.0,5.15
40.2,1.548,7.7,3.5,DMAP,2.17,Toluene,95.0,1.819
30.7,1.425,5.5,2.1,TFA,0.1,DCM,89.13,5.232
113.3,1.12,10.1,18.0,None,0.0,Water,65.38,6.325
106.7,1.047,5.9,1.5,Pd/C,2.23,THF,95.0,2.168
107.5,1.7,8.1,2.8,PPh3,0.67,EtOAc,95.0,4.598
78.7,0.612,9.2,0.5,Raney-Ni,7.42,DMSO,95.0,3.349
63.2,0.466,10.4,0.7,Raney-Ni,1.57,Water,95.0,4.084
62.5,1.788,7.1,5.3,None,0.0,EtOAc,89.33,6.422
55.5,0.484,9.9,1.5,None,0.0,EtOAc,73.94,10.227
28.4,0.71,5.1,8.6,Raney-Ni,0.98,DMF,95.0,5.318
90.0,1.068,6.8,3.7,Pt/C,4.05,DMF,95.0,2.618
60.8,0.878,6.3,1.4,TEMPO,1.01,EtOAc,95.0,2.287
110.1,1.172,6.9,4.0,TEMPO,0.73,THF,95.0,2.335
111.7,1.243,2.0,21.7,None,0.0,DCM,69.78,5.773
89.0,0.479,9.4,0.5,PPh3,1.83,THF,95.0,2.638
88.1,1.83,9.3,3.2,PPh3,1.18,EtOAc,95.0,1.511
69.8,0.991,7.9,6.2,DMP,0.94,DMSO,95.0,2.89
105.8,0.846,5.3,2.6,Raney-Ni,0.1,Toluene,95.0,1.821
20.0,1.966,8.8,2.4,Pd/C,5.53,EtOAc,68.9,1.401
107.6,1.585,6.5,4.5,None,0.0,EtOH,86.87,4.148
81.3,1.278,4.4,0.5,Pt/C,2.26,THF,95.0,1.498
92.6,0.84,6.0,2.0,Raney-Ni,1.89,DMSO,95.0,2.746
61.0,1.019,7.6,2.5,PPh3,1.68,DMSO,95.0,2.0
36.7,2.564,6.5,1.8,Raney-Ni,1.32,DMSO,74.14,2.222
132.4,2.219,8.4,0.5,DMAP,0.1,THF,73.19,2.305
75.7,0.588,8.2,0.5,None,0.0,THF,88.63,4.358
96.0,1.063,6.8,0.5,Pt/C,0.9,DCM,95.0,1.408
37.3,1.505,9.4,3.8,PPh3,0.59,EtOH,94.71,1.813
120.0,2.317,8.1,5.9,None,0.0,MeOH,63.86,5.867
52.2,0.597,5.3,3.3,DMP,2.17,DMSO,93.4,3.417
88.7,0.631,6.2,0.6,Raney-Ni,0.3,Toluene,95.0,3.848
59.8,0.429,8.1,1.4,Raney-Ni,2.9,Toluene,95.0,3.481
45.7,1.192,3.0,2.2,PPh3,2.73,MeOH,91.72,4.188
113.5,0.707,4.0,0.5,PPh3,3.35,Water,87.25,4.174
62.5,1.555,6.1,0.5,TFA,0.73,EtOH,95.0,2.485
70.2,1.413,8.3,17.2,TFA,2.08,Water,95.0,4.285
93.5,1.631,4.6,3.4,Pd/C,3.15,EtOH,95.0,3.2
60.5,0.809,3.9,1.6,PPh3,2.0,THF,95.0,2.227
90.6,1.02,4.1,1.7,Pt/C,1.16,THF,95.0,2.328
85.4,0.755,3.9,2.2,DMP,0.44,DMF,95.0,3.495
29.5,1.075,8.6,1.7,None,0.0,Toluene,68.67,6.859
62.1,1.298,7.6,2.3,TFA,1.44,MeOH,95.0,1.426
77.3,0.797,5.9,2.3,DMAP,3.95,DCM,95.0,1.863
86.2,0.444,7.6,1.7,Raney-Ni,3.42,Water,95.0,1.678
35.7,1.266,3.3,8.3,TEMPO,0.8,EtOH,79.99,2.32
91.6,0.759,7.6,0.5,Pt/C,2.86,EtOH,95.0,2.59
75.4,0.576,4.0,0.5,TEMPO,3.43,DCM,95.0,2.313
49.6,1.083,5.2,1.5,DMP,2.13,DMF,95.0,3.559
63.0,0.662,8.6,0.5,DMP,2.88,THF,95.0,3.189
70.5,0.847,7.6,6.6,DMAP,0.82,EtOAc,95.0,2.637
55.8,0.856,5.8,1.4,TFA,1.49,EtOAc,89.31,2.671
20.0,1.293,6.2,0.5,Pd/C,1.88,EtOAc,82.35,1.325
53.5,0.978,7.9,0.7,TFA,1.58,Toluene,92.07,3.984
52.6,0.478,5.5,12.2,TEMPO,1.82,Water,95.0,3.126
76.4,1.482,7.6,2.4,DMP,0.87,EtOH,95.0,2.789
70.2,1.65,9.8,6.5,PPh3,0.11,DCM,95.0,2.476
94.6,0.692,4.2,1.4,None,0.0,MeOH,87.89,4.146
81.5,1.608,5.0,2.4,DMP,0.11,MeOH,95.0,3.08
127.7,0.964,6.5,1.5,PPh3,0.25,MeOH,95.0,3.586
101.3,0.831,7.2,7.5,Raney-Ni,2.45,Toluene,95.0,1.676
107.9,1.098,5.5,12.2,PPh3,0.6,DMSO,95.0,2.582
51.2,1.189,9.9,14.0,DMP,5.12,EtOH,78.35,4.305
158.8,0.57,7.5,0.9,TEMPO,2.98,Water,63.7,3.442
42.1,0.67,8.5,7.9,PPh3,0.1,DMSO,95.0,2.112
65.8,0.66,3.9,6.1,None,0.0,MeOH,63.97,4.652
55.4,1.104,6.8,7.4,Pt/C,1.0,DCM,95.0,2.144
72.8,1.229,7.4,2.9,TFA,0.67,EtOAc,95.0,2.122
101.8,0.985,8.9,1.1,Raney-Ni,1.64,Water,95.0,2.753
85.9,0.763,7.2,0.5,TFA,1.04,EtOAc,95.0,1.859
99.1,1.757,5.2,5.6,Pd/C,0.51,MeOH,95.0,5.561
70.3,0.858,8.3,2.2,DMP,0.1,EtOAc,95.0,3.296
57.3,1.156,5.7,6.7,PPh3,1.98,MeOH,88.15,1.182
58.4,0.444,5.5,12.4,Pt/C,0.83,Water,95.0,3.376
131.5,1.331,8.3,2.7,Pt/C,0.71,MeOH,85.12,2.093
122.1,1.649,10.4,2.1,DMAP,0.1,DMSO,86.55,2.454
102.3,1.002,8.2,6.4,TEMPO,2.83,MeOH,95.0,1.679
95.6,1.209,5.9,0.5,DMAP,1.03,Toluene,95.0,1.477
75.1,0.715,3.0,0.5,PPh3,1.47,EtOH,95.0,1.031
96.9,0.936,3.4,3.3,TFA,1.68,DCM,95.0,5.086
97.0,0.99,7.1,8.8,DMP,1.28,Water,95.0,4.807
53.8,0.341,5.4,0.5,TEMPO,0.25,MeOH,95.0,1.999
93.1,1.85,7.4,3.4,TEMPO,0.1,EtOAc,95.0,3.63
129.7,3.0,4.6,15.2,DMP,1.85,MeOH,66.11,6.057
112.2,0.737,6.2,1.7,None,0.0,Water,74.05,4.706
59.6,1.474,6.4,0.8,PPh3,3.73,THF,95.0,1.674
85.4,1.334,5.0,1.2,None,0.0,EtOAc,87.42,5.429
78.5,1.28,7.6,4.7,DMAP,0.52,MeOH,93.14,3.479
82.1,2.22,7.2,4.1,Pd/C,1.04,MeOH,95.0,1.681
120.2,0.638,6.3,1.5,Raney-Ni,2.26,DMF,95.0,3.665
86.4,0.784,8.8,5.1,None,0.0,EtOH,83.59,3.835
57.8,1.974,6.0,0.5,PPh3,0.4,DCM,84.05,1.485
75.9,1.718,9.3,2.4,None,0.0,Water,94.28,4.985
84.6,0.527,6.1,0.5,DMAP,5.31,THF,95.0,1.258
49.2,0.921,8.9,1.4,PPh3,0.24,MeOH,83.27,2.094
82.4,0.85,6.8,1.4,Pt/C,0.36,DMSO,95.0,1.289
102.2,1.198,7.9,0.5,DMAP,0.29,Toluene,95.0,1.887
74.0,0.538,9.9,3.7,Pd/C,2.39,DMF,95.0,2.724
113.3,1.936,7.7,16.2,None,0.0,DMF,79.46,6.24
77.1,1.768,5.6,10.7,PPh3,7.93,DCM,95.0,1.682
112.2,0.546,7.9,14.4,DMAP,4.07,Toluene,95.0,2.239
128.2,0.739,4.6,4.0,DMP,0.1,Water,82.9,3.671
48.2,1.182,6.0,0.5,DMAP,3.67,EtOAc,87.63,1.104
41.2,1.392,9.4,5.4,DMP,2.34,DMSO,95.0,3.094
26.4,1.092,9.0,1.6,DMP,0.15,THF,72.32,4.081
78.8,0.844,8.3,6.0,TFA,1.94,DMF,95.0,3.657
96.6,0.682,7.9,3.4,Pt/C,2.81,DCM,95.0,1.453
101.7,0.376,7.6,1.2,Pd/C,5.89,Toluene,95.0,2.144
20.0,2.463,8.7,2.9,Raney-Ni,0.23,DCM,58.44,2.43
64.3,0.781,6.4,1.0,TEMPO,0.1,DMSO,95.0,1.846
53.7,0.769,7.0,4.6,DMAP,3.2,EtOH,95.0,1.488
34.5,0.742,7.7,1.2,TEMPO,0.62,THF,95.0,2.498
116.2,0.49,7.6,1.1,Raney-Ni,4.06,EtOH,95.0,1.438
123.3,0.659,6.6,5.9,DMP,8.93,DMF,95.0,3.726
63.6,0.666,6.6,2.2,TEMPO,2.47,EtOAc,95.0,2.367
101.9,1.416,5.4,2.6,TFA,2.8,EtOAc,95.0,2.488
70.2,1.576,8.8,6.7,TEMPO,0.57,THF,95.0,2.789
29.6,0.721,7.8,8.5,None,0.0,EtOH,67.09,2.537
81.4,0.857,9.3,0.5,DMAP,0.31,EtOAc,74.79,1.051
61.5,0.95,10.7,5.4,Pd/C,0.11,DMSO,95.0,2.206
70.0,0.703,8.6,0.5,PPh3,1.24,DMF,95.0,1.495
78.2,1.464,5.9,0.5,TEMPO,3.84,THF,95.0,3.089
113.2,0.489,5.9,1.5,DMP,0.56,EtOH,95.0,4.046
50.6,0.674,8.8,1.0,Raney-Ni,0.1,DMF,95.0,2.621
73.2,1.702,7.6,9.2,PPh3,0.29,DMSO,95.0,1.085
110.2,1.735,4.7,6.7,Pt/C,1.56,Water,95.0,2.549
85.7,0.976,7.5,1.2,TFA,0.1,EtOAc,95.0,4.379
93.4,1.663,7.7,0.9,None,0.0,EtOAc,83.37,4.346
111.5,1.409,3.9,0.5,PPh3,1.95,EtOH,95.0,3.062
65.4,1.47,6.7,2.4,TFA,0.1,THF,95.0,1.748
107.7,0.685,6.1,2.2,DMP,1.12,DMSO,95.0,4.395
80.6,1.446,7.1,2.0,Raney-Ni,1.36,Toluene,95.0,2.128
148.9,0.858,8.5,2.7,TEMPO,0.23,EtOAc,81.5,2.821
78.7,0.934,11.3,1.8,Pd/C,6.73,Toluene,95.0,2.218
115.7,0.811,8.5,0.9,Pt/C,0.44,EtOAc,86.8,2.399
79.3,0.515,8.4,3.1,Pt/C,2.42,Toluene,95.0,0.864
94.7,1.363,3.2,0.7,DMP,2.82,Toluene,95.0,5.207
109.2,1.304,2.6,0.5,DMP,0.37,THF,92.9,3.952
101.8,1.607,7.3,0.7,Pt/C,0.93,DMSO,95.0,1.066
83.7,0.77,12.0,3.3,TEMPO,0.77,THF,95.0,2.811
63.0,1.622,9.0,6.1,PPh3,0.3,DMF,95.0,3.179
37.1,1.082,3.0,6.2,TFA,0.26,DMF,88.87,2.12
54.3,0.83,8.3,0.8,DMAP,0.26,Toluene,95.0,2.0
69.5,0.568,7.8,4.2,Raney-Ni,4.49,DMSO,95.0,3.218
91.2,0.778,6.1,2.5,DMAP,0.25,Water,95.0,3.443
128.4,0.265,6.7,9.3,PPh3,0.2,DMF,95.0,2.218
123.7,1.682,5.5,7.4,TFA,1.42,EtOH,86.95,2.497
73.7,0.769,4.8,4.5,TFA,0.75,THF,95.0,2.619
43.2,0.503,9.8,1.8,TEMPO,0.63,DMF,92.28,2.481
84.8,3.0,2.8,0.5,None,0.0,DCM,58.77,6.537
66.5,0.45,9.9,9.2,TFA,2.07,EtOH,93.99,5.849
120.0,1.443,7.0,0.5,DMAP,5.07,DMSO,95.0,1.714
40.2,0.9,2.1,3.5,TFA,3.55,DCM,68.8,1.734
98.3,1.309,8.4,0.5,Raney-Ni,2.64,DMSO,95.0,3.004
100.3,1.992,6.6,3.3,TFA,5.02,DMSO,95.0,4.761
69.1,1.01,3.7,5.5,DMAP,0.27,DCM,95.0,1.608
103.3,0.415,7.6,2.0,None,0.0,MeOH,86.11,5.623
55.2,1.07,7.2,1.3,TFA,0.1,MeOH,86.02,2.048
34.5,0.703,4.2,0.5,Pt/C,0.62,DCM,95.0,1.599
97.7,1.814,8.0,13.9,Pt/C,1.46,MeOH,95.0,2.776
96.1,0.994,4.5,5.0,DMAP,0.49,DMSO,95.0,2.41
73.2,0.993,7.3,7.7,DMP,0.46,DMSO,95.0,4.41
84.6,0.484,8.5,2.6,DMAP,13.09,Toluene,95.0,3.257
76.9,0.9,8.5,2.5,Raney-Ni,0.42,MeOH,95.0,1.961
50.8,1.005,3.1,3.0,TEMPO,0.1,DCM,86.23,5.791
60.8,0.569,7.6,0.7,TEMPO,2.39,DMF,95.0,1.112
91.5,1.12,5.4,3.4,None,0.0,EtOH,82.03,4.079
74.3,2.053,5.2,7.7,Raney-Ni,1.18,DCM,94.2,2.438
64.2,1.34,7.4,0.5,Pd/C,1.51,DMF,95.0,1.999
109.5,1.379,6.3,1.7,Pt/C,1.15,DMSO,95.0,1.809
43.9,1.383,10.4,1.0,PPh3,0.19,EtOH,80.19,2.51
73.0,0.506,4.0,3.5,DMAP,0.14,DMF,90.85,2.413
68.5,0.901,6.7,6.3,Pd/C,3.3,Water,95.0,2.124
112.3,3.0,4.6,8.0,DMP,0.1,DCM,85.25,4.343
105.7,1.35,10.2,4.3,TFA,0.73,THF,95.0,4.738
57.5,0.664,5.6,2.8,PPh3,3.47,THF,95.0,1.336
73.2,1.853,5.4,1.6,Pd/C,3.29,THF,95.0,2.102
107.1,1.111,7.4,4.5,Raney-Ni,2.58,EtOAc,95.0,2.984
61.9,0.972,10.2,0.5,Pt/C,1.57,EtOAc,95.0,1.777
111.2,1.234,8.6,0.6,Pd/C,1.61,DMSO,95.0,4.541
30.0,2.046,5.4,0.5,DMP,0.59,DCM,74.46,3.842
94.4,0.335,8.2,12.7,TFA,1.66,Toluene,95.0,4.084
81.3,0.716,7.3,6.6,Pt/C,0.48,DMF,95.0,3.914
80.6,0.643,6.2,3.9,DMP,1.76,MeOH,95.0,3.938
81.9,0.375,9.1,2.3,DMAP,2.34,DCM,95.0,2.24
48.0,0.739,7.4,1.1,TEMPO,2.51,DMSO,95.0,3.185
48.8,0.551,6.6,0.8,PPh3,2.44,Water,80.93,1.77
78.5,1.849,7.3,2.6,TEMPO,1.32,THF,95.0,3.33
88.8,1.632,8.5,1.8,TEMPO,3.23,DCM,95.0,4.11
114.2,0.724,7.7,0.5,DMP,1.67,MeOH,95.0,4.415
64.3,0.87,4.9,11.8,DMP,1.38,THF,95.0,2.668
66.7,1.213,7.8,0.5,Pt/C,1.28,DCM,95.0,2.393
82.1,1.019,2.2,12.3,Pt/C,3.7,DMSO,95.0,1.793
110.2,0.325,10.2,7.0,PPh3,0.1,Water,95.0,2.567
53.7,0.282,6.5,10.6,Pt/C,1.22,EtOAc,95.0,1.852
56.9,2.175,9.0,0.5,TEMPO,0.58,Toluene,79.39,3.209
74.5,0.724,7.7,6.8,Raney-Ni,2.41,EtOAc,95.0,1.045
64.8,1.477,5.6,8.0,Pt/C,3.98,Toluene,95.0,1.98
105.8,1.405,6.2,2.4,DMP,0.72,Toluene,95.0,3.514
56.0,0.314,11.0,2.4,Raney-Ni,1.38,Water,78.54,2.175
46.3,1.008,10.8,3.3,Pd/C,0.82,DMSO,95.0,1.959
42.0,1.606,7.4,0.5,DMP,2.12,THF,95.0,4.059
76.3,0.373,7.7,14.0,DMP,0.22,DMSO,95.0,2.37
63.6,1.186,6.9,6.1,Raney-Ni,0.15,DCM,95.0,2.901
78.7,0.535,8.2,3.9,DMAP,0.27,EtOAc,95.0,2.44
60.4,1.424,11.2,5.9,Pd/C,4.42,Toluene,95.0,2.429
64.8,2.19,9.9,5.0,DMP,0.28,Water,86.43,4.253
60.9,0.872,7.2,2.4,TEMPO,7.97,DCM,95.0,2.141
69.1,0.729,8.6,6.6,Raney-Ni,0.61,DMSO,95.0,4.307
77.9,0.391,10.1,2.2,DMAP,4.66,Water,88.28,0.638
91.1,1.023,10.1,13.8,TFA,1.58,EtOAc,83.22,3.479
72.8,1.526,7.9,0.7,None,0.0,THF,84.3,2.886
101.4,1.22,7.8,7.7,Pd/C,5.3,THF,95.0,5.319
63.5,1.718,6.3,1.6,PPh3,0.43,Toluene,95.0,3.061
78.6,0.826,6.2,0.5,Pd/C,1.86,DCM,95.0,1.773
35.8,1.201,6.2,0.5,None,0.0,DCM,75.35,4.09
75.1,0.594,8.1,0.5,TEMPO,3.58,THF,95.0,2.471
65.3,0.911,5.5,11.9,PPh3,1.87,DCM,95.0,2.201
84.2,0.644,4.3,0.5,DMP,5.1,DMSO,95.0,3.934
54.2,0.901,7.6,4.5,Raney-Ni,2.08,Toluene,95.0,2.334
104.7,1.682,5.4,4.3,DMP,1.31,THF,95.0,5.02
60.5,1.139,5.1,0.5,Raney-Ni,0.58,MeOH,95.0,3.365
43.2,1.496,9.6,0.5,DMP,0.28,EtOH,74.05,2.432
146.4,1.072,4.6,1.6,None,0.0,DCM,95.0,4.357
69.6,1.456,6.6,3.8,DMP,0.99,MeOH,95.0,3.181
49.0,1.617,4.2,0.9,Pd/C,1.47,EtOH,92.51,2.586
94.3,1.256,5.7,7.2,DMP,1.23,EtOAc,95.0,7.261
88.7,1.714,9.1,7.2,Raney-Ni,2.4,DMF,95.0,3.411
74.5,1.01,6.2,5.0,Pd/C,1.09,THF,95.0,1.807
107.2,1.11,6.2,4.4,TEMPO,3.58,MeOH,95.0,2.4
96.8,1.087,9.4,1.3,Pd/C,0.12,EtOAc,95.0,2.453
111.1,3.0,4.4,0.5,Raney-Ni,0.51,EtOAc,78.11,3.058
49.1,0.808,7.3,18.1,PPh3,3.02,DCM,95.0,3.124
135.2,0.743,4.3,2.8,PPh3,0.1,Water,89.04,3.602
103.7,0.633,9.9,1.4,TEMPO,2.65,MeOH,95.0,2.793
95.1,0.773,4.8,11.5,DMP,12.05,THF,95.0,3.969
92.6,0.752,8.1,7.3,DMAP,3.28,DMF,95.0,1.172
68.2,1.076,8.1,0.5,Raney-Ni,0.85,EtOH,93.81,1.996
80.9,0.749,8.9,14.7,None,0.0,THF,95.0,3.35
106.4,1.419,9.6,6.6,TEMPO,2.21,Toluene,95.0,3.753
46.4,0.65,9.8,8.2,TFA,1.46,THF,95.0,4.189
138.0,1.352,5.2,5.8,Pd/C,2.54,DMF,95.0,2.605
110.1,0.936,6.4,5.0,DMP,0.1,Toluene,95.0,2.298
63.0,0.391,8.2,0.5,DMAP,5.11,DMF,88.18,1.855
75.9,0.647,7.1,3.0,TEMPO,0.97,Water,95.0,3.329
92.0,0.628,7.6,18.3,Pt/C,1.18,EtOAc,95.0,3.149
81.2,1.646,10.8,13.0,Pt/C,1.64,DMF,95.0,6.404
116.8,1.074,7.9,1.7,PPh3,0.57,DMF,95.0,4.275
20.0,1.786,2.7,10.3,DMP,1.0,DCM,80.54,2.703
90.8,1.527,5.8,6.5,DMP,2.22,EtOAc,95.0,4.683
68.0,0.479,6.2,2.5,DMP,5.64,THF,95.0,3.61
108.4,0.926,6.7,3.3,None,0.0,MeOH,95.0,4.533
56.7,2.146,7.4,2.3,Raney-Ni,2.28,THF,95.0,3.018
48.1,1.452,7.1,0.6,DMAP,0.29,Water,95.0,1.323
48.4,0.504,7.2,3.1,Pt/C,0.51,MeOH,95.0,2.051
123.8,0.978,8.1,2.6,Pd/C,0.64,EtOAc,95.0,2.974
36.6,0.451,9.2,5.7,Pd/C,0.74,EtOH,90.25,3.271
125.8,0.708,9.7,2.4,TEMPO,2.09,DMF,95.0,4.08
89.3,1.281,7.8,5.9,TFA,1.18,DMF,95.0,2.24
50.8,1.345,8.3,1.7,Raney-Ni,0.16,DMSO,95.0,10.856
99.9,0.679,3.9,16.0,DMP,0.64,DMSO,95.0,3.933
80.9,1.577,8.6,4.9,DMP,2.33,EtOH,95.0,4.187
91.3,1.639,5.5,1.5,None,0.0,THF,86.86,3.603
64.6,1.153,7.3,1.8,TEMPO,2.37,THF,95.0,2.586
76.2,2.166,5.4,9.0,DMAP,0.82,EtOH,95.0,2.389
41.0,2.033,7.7,7.6,Raney-Ni,0.63,THF,95.0,5.034
86.9,0.799,5.8,2.6,PPh3,0.24,EtOAc,95.0,1.475
45.5,1.772,3.0,11.1,TFA,0.1,EtOAc,74.02,3.114
74.9,0.772,7.9,5.2,None,0.0,DMSO,85.72,4.188
107.8,0.875,5.5,1.9,TEMPO,0.29,DMF,95.0,1.806
95.0,1.419,8.0,9.7,Raney-Ni,1.37,EtOAc,95.0,4.199
40.2,0.717,5.2,0.8,None,0.0,THF,82.95,3.127
97.8,0.779,7.0,3.3,PPh3,1.29,Toluene,95.0,2.314
74.4,1.648,6.1,3.2,DMP,0.72,DMF,95.0,3.521
94.3,0.65,4.2,6.1,DMP,0.27,EtOH,93.73,2.827
46.4,0.869,8.0,2.7,DMAP,2.03,DMSO,95.0,0.505
69.0,0.743,7.1,1.8,PPh3,2.38,DCM,95.0,2.577
125.5,1.394,6.6,5.9,Pd/C,0.12,DCM,95.0,2.06
83.2,0.304,3.3,1.4,PPh3,0.21,THF,95.0,1.854
44.2,1.063,9.8,3.6,DMP,0.21,Toluene,86.96,3.709
53.5,2.011,6.4,2.0,DMAP,0.46,THF,92.39,1.041
79.7,0.478,8.9,0.5,Raney-Ni,1.86,DMSO,95.0,2.029
87.9,1.501,7.6,0.8,TFA,0.1,EtOAc,95.0,4.438
76.9,1.593,9.9,0.5,DMP,6.25,EtOH,90.09,2.909
85.7,0.608,8.5,3.8,Pt/C,5.83,THF,95.0,0.916
66.7,0.591,10.6,0.9,DMP,4.67,Water,88.56,3.942
75.2,2.087,7.0,2.5,None,0.0,DMSO,92.08,5.008
93.0,0.965,6.9,5.8,PPh3,0.66,EtOH,95.0,1.318
106.2,0.24,6.4,6.2,DMAP,0.13,DMF,95.0,1.492
80.0,0.407,6.1,1.6,TFA,0.14,EtOH,95.0,2.412
33.4,1.663,8.7,1.8,PPh3,1.75,DMSO,89.95,1.807
57.2,0.345,4.8,0.5,TFA,0.32,EtOAc,90.32,1.806
61.0,0.821,7.8,0.5,TFA,1.09,Water,79.41,2.654
81.6,0.721,8.1,1.2,TFA,3.08,DCM,92.12,3.369
48.3,2.156,6.8,13.1,TFA,1.52,DCM,90.39,6.162
86.5,1.272,7.5,6.1,DMAP,1.35,DMF,95.0,2.045
69.9,1.42,5.4,0.6,Pd/C,4.07,EtOAc,95.0,3.481
72.3,0.655,6.7,7.8,DMAP,0.32,Toluene,95.0,1.325
95.2,1.741,6.9,4.8,TEMPO,2.28,Toluene,95.0,3.626
59.2,0.818,6.8,8.4,TFA,2.24,MeOH,95.0,3.51
59.8,0.894,4.9,2.1,TEMPO,3.52,DMSO,95.0,2.866
37.2,0.822,3.9,1.4,Pt/C,14.58,EtOH,75.61,1.115
63.3,0.853,7.7,6.4,Raney-Ni,0.31,EtOH,95.0,2.699
48.9,0.427,7.0,5.6,TFA,1.05,EtOAc,95.0,4.529
110.0,1.004,7.1,1.3,DMAP,2.32,Water,95.0,2.659
75.0,2.013,10.1,7.0,DMP,0.62,MeOH,95.0,3.627
70.6,0.521,7.9,1.9,TEMPO,0.46,MeOH,93.21,1.808
129.8,2.502,5.3,1.2,Raney-Ni,1.58,MeOH,82.68,2.222
120.1,0.636,10.6,1.5,DMAP,1.48,THF,84.12,1.203
52.0,0.311,9.5,6.1,Pd/C,2.76,DMF,95.0,2.594
100.1,1.299,8.3,0.5,DMP,3.47,EtOAc,95.0,4.648
52.2,1.38,5.2,0.7,TFA,0.98,MeOH,95.0,3.389
40.0,0.385,7.0,2.8,TEMPO,0.22,MeOH,88.41,1.694
62.0,0.57,6.9,0.5,DMP,0.57,EtOAc,87.78,4.978
79.2,1.832,7.1,4.9,DMP,0.65,EtOAc,95.0,2.476
71.7,0.984,6.8,0.5,DMP,1.42,DCM,95.0,3.168
91.7,0.74,2.7,0.6,PPh3,3.68,Water,95.0,1.737
69.3,1.62,9.6,3.5,TEMPO,1.72,DMSO,95.0,3.457
105.2,0.514,5.0,1.2,Raney-Ni,2.55,Water,89.03,4.853
82.4,0.743,6.1,8.4,TEMPO,0.41,THF,95.0,2.881
83.1,0.993,10.7,0.5,DMAP,3.06,Water,77.97,2.153
114.5,1.55,6.5,9.9,Pd/C,0.1,EtOAc,95.0,2.856
72.9,0.779,6.4,0.6,None,0.0,Water,84.05,6.468
94.8,2.033,9.9,4.0,None,0.0,DMF,91.66,3.25
136.1,0.256,6.6,3.4,None,0.0,Toluene,91.57,6.394
60.0,0.864,10.2,0.5,PPh3,2.06,THF,95.0,1.922
99.2,0.813,7.9,1.3,DMAP,2.87,Water,87.04,1.299
64.6,1.329,9.8,12.3,None,0.0,DCM,94.83,3.363
70.4,0.902,10.2,1.6,PPh3,0.93,DMSO,91.01,2.067
101.2,1.29,7.3,2.5,Raney-Ni,1.29,MeOH,95.0,3.959
81.3,1.541,6.0,4.0,Pd/C,1.03,DCM,95.0,2.649
94.4,1.95,3.8,4.6,Raney-Ni,0.24,EtOH,95.0,3.306
56.1,0.664,6.2,2.9,Pt/C,3.74,DMF,95.0,2.084
68.1,0.978,9.7,12.2,Pt/C,3.42,Water,86.21,4.073
62.1,0.707,7.8,2.0,TFA,3.48,DMSO,95.0,2.455
87.6,0.687,8.0,3.0,Pd/C,2.44,EtOAc,95.0,2.984
88.7,1.225,6.8,0.5,DMP,1.84,DMF,95.0,4.159
83.2,2.173,6.0,10.7,Pd/C,0.5,DMF,95.0,2.453
140.7,0.75,11.2,9.0,Pd/C,6.53,DMF,95.0,3.495
36.4,1.082,7.6,4.3,Pt/C,5.59,THF,95.0,1.933
61.7,1.007,7.9,0.8,Pt/C,1.37,MeOH,95.0,1.92
86.1,1.438,5.7,12.9,Pd/C,0.63,Water,95.0,1.468
64.5,0.707,7.6,0.5,Pd/C,1.05,EtOAc,95.0,1.868
98.0,2.484,6.8,3.7,Raney-Ni,0.16,DCM,95.0,6.004
76.3,0.72,8.7,7.5,Raney-Ni,1.52,MeOH,95.0,3.197
75.6,2.356,10.4,1.8,PPh3,0.21,MeOH,83.76,3.157
101.6,0.992,1.1,0.9,None,0.0,Water,67.01,6.45
57.8,0.651,6.3,1.6,TFA,0.1,DCM,95.0,2.536
52.1,2.159,5.1,1.4,TFA,0.1,DCM,91.1,3.591
97.6,2.086,6.3,1.0,Pt/C,1.67,DCM,95.0,2.478
79.1,0.419,7.0,5.5,Pt/C,0.36,DMF,95.0,1.925
116.3,0.53,5.2,8.6,Pt/C,1.12,Toluene,95.0,3.08
106.0,1.465,10.5,2.0,DMP,1.78,Toluene,94.13,3.416
95.2,0.485,6.3,2.0,Raney-Ni,4.18,Water,95.0,3.22
85.3,2.675,6.4,0.9,Raney-Ni,1.52,THF,95.0,1.805
100.4,0.589,9.0,1.4,Pd/C,0.72,EtOH,95.0,2.71
137.2,0.414,8.6,1.9,None,0.0,DMF,69.93,4.196
58.4,0.772,4.2,3.1,DMP,1.42,DMSO,95.0,2.617
42.2,1.371,10.5,10.3,DMAP,1.75,THF,95.0,2.071
90.0,1.226,8.2,1.4,Pd/C,2.59,DMF,95.0,1.262
68.3,0.313,5.1,1.5,TEMPO,1.97,Water,95.0,3.848
49.1,1.891,6.8,6.7,None,0.0,EtOH,90.51,4.741
67.2,0.631,10.5,2.0,Pd/C,0.94,EtOAc,95.0,2.143
83.4,0.243,4.2,5.0,PPh3,1.75,Toluene,95.0,3.881
80.9,1.206,5.7,12.7,Pt/C,1.96,DCM,95.0,1.855
95.3,1.08,5.9,2.5,Pt/C,0.88,Toluene,95.0,1.155
120.9,1.646,5.6,0.5,TEMPO,0.86,DMSO,95.0,2.19
114.8,1.931,10.9,3.5,TEMPO,1.75,Water,82.57,4.358
30.7,0.947,8.3,1.7,Pt/C,0.58,DCM,83.92,0.858
62.2,0.937,1.0,5.8,Pt/C,0.51,Water,95.0,1.113
117.0,1.053,6.9,1.8,Pt/C,1.36,MeOH,95.0,2.024
89.9,1.089,5.3,2.3,Raney-Ni,2.71,EtOAc,95.0,1.602
92.1,0.654,7.6,1.3,Raney-Ni,5.51,Toluene,95.0,2.253
72.0,0.621,9.2,3.0,DMAP,1.52,Toluene,95.0,1.732
76.3,1.147,9.0,1.8,TFA,0.25,DMF,95.0,3.156
107.0,1.955,3.5,0.6,DMAP,0.8,MeOH,71.68,1.9
55.1,0.589,9.2,13.7,Raney-Ni,2.91,THF,95.0,2.151
80.8,0.49,8.2,2.8,Pd/C,1.62,Water,95.0,2.232
62.5,0.645,8.1,5.9,Pt/C,0.6,Toluene,95.0,1.475
98.1,0.783,8.8,2.2,DMAP,1.95,Toluene,95.0,2.839
48.8,1.933,9.3,10.7,DMP,0.23,THF,95.0,7.053
88.3,0.513,6.5,4.0,PPh3,8.54,Toluene,95.0,2.849
135.0,0.357,3.9,2.0,TEMPO,1.56,EtOAc,95.0,2.124
71.4,1.006,7.2,3.4,Pd/C,0.79,EtOAc,95.0,1.818
35.9,0.726,8.2,0.5,None,0.0,MeOH,56.43,6.283
80.0,0.808,8.7,5.1,DMP,0.44,DMF,95.0,4.39
102.3,0.903,6.4,5.2,Raney-Ni,3.47,MeOH,95.0,2.354
122.8,1.105,6.9,1.6,DMAP,1.02,DMF,95.0,2.371
74.8,0.964,8.9,0.9,None,0.0,EtOH,75.54,4.758
92.8,2.231,7.5,13.3,TFA,2.24,EtOH,95.0,3.4
95.0,1.532,6.0,5.1,None,0.0,EtOAc,95.0,6.358
107.1,0.843,5.0,11.2,PPh3,0.91,DCM,95.0,2.908
90.9,0.479,9.7,6.0,TEMPO,0.22,DCM,95.0,3.209
89.0,1.311,5.0,1.6,PPh3,1.43,THF,95.0,1.346
111.8,0.673,8.5,1.1,Pt/C,2.94,DCM,95.0,2.001
53.8,0.532,9.4,10.8,None,0.0,Toluene,84.95,4.339
125.1,1.544,8.2,3.7,Raney-Ni,1.2,DMSO,95.0,5.227
76.7,1.333,5.9,1.6,DMP,4.02,EtOH,95.0,4.862
74.7,1.311,6.3,0.5,PPh3,0.21,Toluene,95.0,2.018
87.5,1.468,7.6,1.7,DMP,2.94,DCM,95.0,3.215
54.5,0.96,6.5,4.1,None,0.0,MeOH,83.99,3.169
123.4,1.151,7.5,4.9,PPh3,2.79,MeOH,95.0,2.349
73.2,0.499,9.7,4.3,PPh3,2.52,DMF,95.0,1.461
87.4,1.169,9.7,5.1,Pd/C,0.37,MeOH,95.0,2.318
82.1,0.424,5.1,1.2,Raney-Ni,0.1,DMSO,95.0,5.789
107.0,1.991,7.4,0.5,None,0.0,DMSO,82.66,4.786
93.0,1.608,6.6,1.4,TFA,4.05,DMSO,95.0,5.108
47.0,0.96,5.4,2.7,DMP,0.53,DMF,71.97,3.017
34.7,0.622,1.0,2.9,Raney-Ni,1.44,EtOAc,82.0,2.77
102.9,1.786,2.3,1.9,TFA,1.37,DMSO,90.06,3.52
103.8,1.484,5.7,2.9,Raney-Ni,0.73,Water,95.0,1.48
85.6,1.031,5.4,3.4,DMAP,1.4,DMF,95.0,2.773
88.3,1.597,11.1,3.7,Pd/C,1.44,MeOH,95.0,3.48
104.4,0.782,7.7,1.0,TEMPO,0.62,EtOH,91.35,2.648
96.5,0.929,7.1,2.8,DMAP,2.29,DCM,95.0,1.278
39.6,0.648,2.7,2.3,DMP,1.37,Toluene,77.09,4.3
79.8,1.046,8.6,19.0,TFA,0.36,Toluene,95.0,4.655
106.9,0.783,7.5,0.7,PPh3,2.68,DMSO,95.0,1.971
54.1,2.484,8.0,0.9,DMP,5.64,Water,67.77,4.118
67.8,0.46,7.9,1.4,TFA,0.1,THF,89.05,2.298
111.6,0.918,12.0,0.9,TEMPO,1.27,Water,80.32,3.111
64.8,1.071,5.9,1.6,None,0.0,MeOH,95.0,4.181
80.0,1.072,7.1,6.7,Pt/C,3.86,DCM,95.0,1.784
96.2,0.409,7.0,6.6,DMP,5.95,Water,95.0,3.48
82.2,1.207,10.4,2.0,Pt/C,1.68,DMSO,95.0,1.89
57.0,0.736,2.8,0.7,TEMPO,0.42,DMF,95.0,3.241
73.6,1.132,7.5,2.6,Pt/C,0.9,DMF,95.0,2.874
102.9,0.61,10.2,2.6,None,0.0,DMF,79.39,5.7
62.4,0.509,7.0,2.8,DMP,0.1,EtOAc,95.0,1.563
130.2,0.593,8.0,0.9,PPh3,0.79,DCM,95.0,2.071
84.8,0.688,7.3,0.6,Raney-Ni,3.19,MeOH,95.0,2.933
113.0,1.259,5.6,5.8,DMP,4.27,EtOAc,95.0,3.384
63.2,1.743,8.2,7.9,TFA,9.69,DMF,89.69,3.759
107.9,1.124,3.8,6.4,DMP,0.1,DCM,95.0,2.307
52.2,0.557,9.3,2.7,Raney-Ni,1.14,DMSO,95.0,2.019
69.3,1.498,8.6,2.3,PPh3,0.84,THF,95.0,2.373
68.9,1.449,6.1,9.0,Pt/C,2.27,DCM,95.0,2.494
130.6,1.976,6.9,0.5,PPh3,2.28,MeOH,95.0,1.819
76.3,1.458,9.1,8.9,Raney-Ni,0.86,EtOAc,95.0,1.779
45.9,0.629,8.6,13.1,Pd/C,1.49,DMF,95.0,2.05
89.9,0.943,10.1,5.6,Pd/C,4.49,THF,95.0,4.27
85.8,1.791,8.3,2.3,TFA,4.27,DCM,95.0,3.046
64.0,0.735,7.9,3.8,DMAP,0.67,Water,95.0,1.157
60.8,0.961,5.7,5.2,Pt/C,0.51,THF,95.0,1.722
75.5,0.744,6.0,5.2,TFA,1.62,THF,95.0,1.648
99.5,0.571,7.1,8.8,TFA,0.36,THF,95.0,2.53
88.9,0.81,6.9,6.1,TEMPO,1.35,EtOH,95.0,2.413
81.6,0.52,8.8,1.6,TEMPO,2.79,DCM,95.0,4.147
58.8,0.645,5.3,11.8,Pt/C,1.37,EtOAc,95.0,3.264
74.8,0.543,3.0,2.6,None,0.0,EtOAc,80.65,5.646
30.4,0.584,9.0,0.9,PPh3,0.1,DMSO,95.0,2.871
67.1,1.098,6.0,3.1,TEMPO,0.77,Toluene,95.0,2.464
104.1,1.62,5.3,2.1,TEMPO,2.39,EtOAc,95.0,2.729
72.1,0.645,7.1,13.6,DMAP,2.1,DMF,95.0,1.312
86.7,1.72,7.0,1.9,DMP,1.19,Water,94.53,3.391
54.7,0.949,5.6,6.8,Pt/C,0.46,EtOH,95.0,6.643
101.6,1.552,8.3,2.1,TEMPO,1.14,EtOH,95.0,3.877
99.4,0.64,5.5,4.7,Raney-Ni,1.31,DMF,95.0,4.484
91.4,2.736,6.9,1.4,None,0.0,DMSO,85.02,4.62
141.6,0.947,8.9,3.6,Pt/C,0.48,MeOH,84.65,3.05
96.2,0.71,4.3,9.4,TEMPO,2.17,Toluene,95.0,4.204
92.7,0.735,10.2,3.3,TEMPO,0.76,THF,95.0,1.736
126.0,1.567,6.1,11.7,Raney-Ni,2.21,DCM,95.0,3.723
99.9,2.298,6.4,1.4,TFA,0.1,Water,91.01,4.79
107.3,0.971,8.2,4.8,Raney-Ni,1.66,DMSO,95.0,4.292
101.8,1.178,4.8,2.9,PPh3,1.01,THF,95.0,2.168
66.4,1.111,6.8,0.5,DMAP,1.34,EtOH,95.0,0.789
92.8,3.0,6.4,0.5,None,0.0,THF,68.68,4.381
86.4,2.262,4.7,2.2,TFA,0.93,Toluene,95.0,2.536
54.8,0.695,2.9,13.5,Pt/C,0.71,THF,95.0,7.448
53.3,0.463,9.9,2.0,TFA,1.64,EtOH,90.66,1.717
31.1,0.856,8.8,5.3,TEMPO,0.1,MeOH,93.23,2.437
81.2,1.61,9.3,12.2,None,0.0,Water,82.43,5.109
115.8,0.502,6.3,2.4,PPh3,2.99,DCM,95.0,1.507
87.5,1.374,6.3,1.7,PPh3,3.35,DMSO,95.0,1.77
101.9,1.09,7.0,1.7,Pd/C,0.13,Toluene,95.0,2.338
36.6,1.882,5.1,0.8,Raney-Ni,2.01,EtOAc,75.76,4.567
107.8,1.526,6.1,0.5,TFA,0.42,DCM,95.0,3.653
93.9,1.403,3.8,0.5,PPh3,0.4,Toluene,95.0,0.979
98.0,0.941,5.9,0.5,DMAP,2.39,DMF,95.0,1.563
105.2,0.525,7.4,0.5,DMP,1.24,DMF,95.0,2.709
76.4,2.162,4.4,7.6,Pd/C,4.55,EtOAc,93.68,4.066
56.3,0.624,8.8,2.3,TEMPO,0.47,DMSO,89.66,4.032
50.3,1.469,6.6,0.5,Raney-Ni,2.87,DMSO,95.0,2.819
76.2,1.242,10.5,3.5,DMP,1.61,THF,95.0,2.718
71.7,0.492,7.4,0.5,TEMPO,6.17,EtOAc,93.89,2.663
92.4,1.967,2.8,11.8,Pt/C,1.73,DCM,95.0,1.897
75.0,1.097,7.7,0.7,Pt/C,0.34,Water,95.0,2.513
79.2,2.039,6.7,7.4,PPh3,1.0,Toluene,95.0,1.36
83.4,1.122,9.9,2.2,PPh3,0.56,EtOH,95.0,4.684
98.4,0.727,8.6,2.4,Raney-Ni,4.06,MeOH,95.0,2.832
101.6,0.439,7.7,1.8,DMP,2.01,DMF,95.0,7.124
109.9,0.874,6.6,8.8,None,0.0,MeOH,95.0,4.703
99.3,2.402,3.8,1.2,DMP,5.69,DCM,89.55,3.56
45.3,0.946,7.3,2.5,None,0.0,DCM,79.4,4.864
42.4,1.13,5.4,7.1,DMAP,2.84,EtOAc,73.35,1.545
47.7,2.022,6.7,3.3,Pd/C,1.63,MeOH,83.07,2.241
104.5,1.226,9.3,0.7,None,0.0,MeOH,78.18,3.056
73.8,0.934,9.0,4.5,TEMPO,2.34,Toluene,95.0,3.716
77.4,0.61,7.3,8.5,PPh3,0.35,DMF,95.0,2.44
98.3,1.992,5.0,4.9,Pd/C,2.47,MeOH,95.0,2.108
92.2,1.041,7.5,1.7,Raney-Ni,0.87,DMF,95.0,1.988
78.3,0.676,8.8,0.5,TEMPO,4.01,DMF,95.0,3.346
63.2,0.563,3.0,1.6,None,0.0,EtOH,73.37,3.911
82.6,0.959,7.2,5.2,Raney-Ni,0.1,DMSO,95.0,2.224
69.1,1.001,9.6,2.9,TEMPO,1.49,MeOH,92.12,4.198
62.7,0.793,4.9,10.2,TFA,5.99,EtOAc,95.0,1.75
100.2,0.892,5.5,14.0,Raney-Ni,3.08,DMF,95.0,2.579
77.8,2.237,5.1,10.6,DMAP,4.32,Water,76.73,1.934
121.6,0.788,6.0,1.7,TEMPO,0.1,EtOAc,95.0,4.173
93.4,1.067,8.5,24.0,None,0.0,DMF,89.01,3.583
87.2,0.91,8.9,3.1,None,0.0,THF,80.95,4.867
70.8,1.125,10.3,0.8,DMP,5.26,Water,84.43,3.687
79.7,0.575,6.4,0.6,Pt/C,11.45,MeOH,95.0,1.977
69.1,0.518,7.4,1.2,TEMPO,0.12,EtOH,95.0,2.457
79.8,0.578,10.3,9.4,Raney-Ni,0.64,MeOH,95.0,3.54
88.5,1.357,6.8,5.6,Pd/C,5.49,DMSO,95.0,1.85
86.4,1.117,5.4,4.3,Pt/C,1.44,DCM,95.0,2.045
47.4,0.764,9.1,0.5,Pd/C,1.73,MeOH,95.0,2.528
107.0,0.958,6.7,0.6,TEMPO,0.39,DCM,95.0,2.752
67.9,0.729,12.0,1.0,TEMPO,0.19,MeOH,95.0,2.949
60.1,0.671,6.5,6.2,Pt/C,2.69,DMSO,95.0,1.749
32.3,0.429,2.6,3.9,Raney-Ni,0.75,DMF,94.58,3.2
82.2,0.595,9.4,5.7,Pd/C,2.46,EtOAc,95.0,3.41
106.5,1.639,4.0,2.5,None,0.0,DMSO,67.48,6.09
65.9,0.785,6.4,1.4,PPh3,1.83,THF,95.0,1.599
148.4,0.646,8.1,4.4,DMP,6.31,DMSO,95.0,5.423
95.0,1.189,5.1,0.5,DMP,3.69,DMSO,95.0,4.293
40.3,0.902,8.2,0.5,DMAP,3.14,Toluene,95.0,0.795
67.3,1.645,7.7,5.1,Pt/C,3.72,EtOH,94.26,1.208
78.1,0.966,8.8,6.3,TFA,1.17,DCM,95.0,3.664
70.6,0.961,8.9,4.4,DMAP,0.22,Water,95.0,1.589
102.4,1.278,5.5,0.5,PPh3,8.59,Water,95.0,3.086
116.4,1.067,5.9,8.3,Pd/C,0.15,EtOAc,95.0,4.233
78.7,1.234,3.7,1.5,Pd/C,2.83,Water,95.0,3.03
93.1,0.538,9.0,2.4,Raney-Ni,10.04,MeOH,95.0,4.341
81.9,2.431,3.8,1.0,PPh3,6.09,DMF,81.11,2.123
69.9,0.372,4.8,12.7,Raney-Ni,4.16,DMSO,95.0,3.45
75.0,0.817,9.1,3.8,None,0.0,DMF,95.0,2.633
89.3,1.331,5.0,1.2,Pd/C,1.13,Water,95.0,5.497
94.9,1.169,5.6,5.6,TEMPO,0.71,DMF,95.0,2.618
45.9,1.201,8.1,1.5,Pt/C,4.22,Water,95.0,1.468
49.5,3.0,5.6,2.4,None,0.0,DCM,58.37,5.674
65.3,1.367,7.4,6.1,PPh3,1.75,THF,95.0,2.084
66.5,0.859,6.6,3.8,None,0.0,EtOH,84.44,5.46
49.3,2.771,9.2,0.5,DMP,0.42,DMSO,75.17,6.052
100.2,0.981,7.0,0.8,DMP,0.14,Toluene,95.0,2.862
86.5,1.002,6.1,4.6,Pd/C,0.8,EtOAc,95.0,2.029
38.2,0.892,6.2,1.0,Raney-Ni,0.78,MeOH,95.0,3.299
87.0,0.722,5.3,3.8,Raney-Ni,2.99,Water,95.0,2.657
93.8,1.044,4.4,2.3,TEMPO,1.18,MeOH,95.0,2.43
82.2,1.055,8.1,4.2,Pt/C,0.48,EtOH,95.0,1.091
79.2,0.896,7.3,2.5,Raney-Ni,4.44,Water,95.0,3.503
110.1,0.475,6.5,2.8,None,0.0,MeOH,94.16,5.595
72.6,0.989,5.2,9.5,Pt/C,6.77,EtOAc,95.0,1.897
105.2,1.922,8.1,7.1,TFA,2.36,DMSO,95.0,5.714
84.8,0.757,6.7,3.2,Pt/C,1.37,DMSO,95.0,2.156
59.7,0.56,7.0,0.6,Pd/C,1.09,EtOAc,95.0,1.783
90.3,1.473,6.3,1.2,Pt/C,1.2,Water,95.0,4.66
88.8,0.756,6.4,3.5,TFA,0.1,DCM,95.0,2.628
67.4,0.779,10.5,0.5,TEMPO,4.24,EtOH,95.0,2.283
65.2,1.864,6.9,0.7,PPh3,1.17,DCM,95.0,1.202
73.1,0.979,4.9,1.9,TFA,0.72,THF,94.24,2.659
110.8,1.156,6.8,2.5,TEMPO,0.1,DMF,95.0,2.933
59.0,0.763,5.6,1.1,PPh3,0.29,DCM,95.0,1.489
52.3,1.949,5.9,1.3,Pt/C,3.84,DMSO,89.85,1.394
97.2,0.725,5.9,1.6,PPh3,0.15,Water,95.0,3.719
49.9,2.116,6.2,18.3,None,0.0,Toluene,79.53,6.39
72.2,1.467,8.9,1.3,Pt/C,0.1,DMSO,95.0,1.12
86.4,0.571,9.5,1.2,TEMPO,2.19,DMSO,95.0,3.142
70.3,0.988,5.9,3.0,TEMPO,2.02,DMF,95.0,2.349
107.3,1.393,8.4,1.3,Pd/C,0.28,DMF,95.0,2.604
81.2,0.771,5.3,6.5,None,0.0,MeOH,94.88,4.874
78.5,0.453,5.4,3.9,Pt/C,0.64,EtOAc,95.0,2.095
56.3,0.864,8.2,3.7,TEMPO,4.42,DMF,86.2,3.881
89.8,0.596,8.3,11.3,Raney-Ni,0.74,MeOH,95.0,3.304
124.4,1.166,8.4,6.7,DMAP,2.74,Toluene,94.31,1.819
68.9,0.777,8.1,2.0,None,0.0,DMSO,94.4,4.368
115.8,1.1,8.3,4.4,PPh3,0.23,MeOH,95.0,2.817
104.6,0.85,9.5,0.7,TFA,0.37,Toluene,95.0,2.32
89.0,1.698,5.4,5.0,PPh3,1.64,DMF,95.0,1.738
66.9,1.169,8.2,5.4,Raney-Ni,0.1,Water,95.0,1.883
81.0,0.71,4.7,0.5,None,0.0,EtOAc,89.86,3.258
108.4,0.355,7.1,10.7,Raney-Ni,2.65,THF,95.0,3.903
98.2,0.344,5.2,1.6,TEMPO,0.23,DCM,95.0,4.049
110.2,1.846,2.5,5.2,DMP,1.9,Toluene,95.0,3.278
99.3,2.124,6.1,2.5,Pt/C,0.39,THF,95.0,2.393
87.0,0.444,6.9,1.8,PPh3,0.35,DCM,95.0,1.57
46.3,0.719,5.0,5.5,TFA,3.49,DMF,78.62,2.743
73.0,0.938,7.9,0.6,DMAP,0.69,DCM,81.1,2.009
85.1,0.71,10.1,1.0,Pt/C,1.23,EtOH,85.51,2.446
147.9,0.46,9.8,4.4,Pd/C,0.85,EtOH,90.63,4.284
68.2,1.203,6.4,5.2,DMP,3.53,EtOH,95.0,4.447
102.0,1.06,4.0,1.4,TFA,4.03,THF,95.0,3.145
29.2,2.03,6.8,2.2,TEMPO,4.11,THF,95.0,3.053
73.5,1.28,7.3,3.5,TFA,0.79,DMF,95.0,3.486
94.6,0.323,7.3,4.1,DMP,5.61,Toluene,95.0,4.59
112.9,0.905,2.9,4.3,PPh3,1.63,Water,95.0,1.762
59.6,1.561,7.6,1.0,TFA,0.1,MeOH,78.77,2.757
109.7,3.0,7.8,0.5,DMP,2.09,THF,75.25,7.041
88.2,0.632,5.5,4.0,TEMPO,0.69,EtOH,95.0,2.939
98.9,0.872,6.3,6.0,PPh3,5.07,EtOH,95.0,2.563
111.9,1.291,6.0,1.1,PPh3,6.74,EtOH,95.0,2.03
83.0,1.216,7.3,2.1,DMP,6.13,THF,95.0,2.006
58.7,0.586,4.9,0.5,DMAP,2.8,DCM,80.72,4.656
49.7,0.759,6.5,4.3,DMP,13.53,Water,95.0,3.065
101.7,0.72,5.2,14.6,DMP,2.97,THF,95.0,5.141
103.0,0.578,5.5,0.8,Raney-Ni,6.94,THF,95.0,1.653
68.7,0.368,5.7,0.9,Pd/C,0.98,DCM,95.0,1.71
129.5,0.463,2.9,3.1,TFA,0.46,DMSO,94.23,2.001
86.1,0.537,5.1,4.4,TFA,1.06,THF,95.0,3.309
60.6,0.894,7.7,11.6,None,0.0,DMSO,91.91,3.6
78.2,0.623,3.6,4.1,None,0.0,DMF,93.54,2.564
86.5,0.516,7.6,2.3,Raney-Ni,3.12,Water,95.0,2.903
103.1,0.389,6.0,2.2,PPh3,0.91,EtOAc,95.0,2.325
60.7,1.918,5.2,1.5,DMAP,1.56,DMSO,95.0,2.775
63.1,1.111,4.1,0.9,PPh3,2.87,THF,95.0,1.213
93.2,0.435,5.3,7.6,DMP,0.31,THF,95.0,2.781
83.7,1.04,6.5,1.7,Pt/C,0.83,Water,95.0,1.644
79.4,1.095,6.8,0.9,Pt/C,0.68,EtOAc,95.0,2.358
86.7,1.041,6.5,7.6,Pt/C,0.31,MeOH,95.0,2.922
95.9,1.548,7.1,5.5,Pt/C,5.8,THF,95.0,2.512
67.7,1.56,10.8,4.5,Pd/C,2.01,DMF,95.0,2.196
92.3,0.568,5.1,0.9,DMAP,4.37,EtOAc,95.0,2.053
79.8,0.722,5.0,13.0,DMAP,1.43,EtOH,95.0,1.706
106.0,0.799,6.8,4.6,TFA,1.62,EtOH,95.0,5.02
89.7,0.667,8.4,3.6,Pt/C,1.04,Toluene,95.0,1.649
110.7,2.432,9.9,3.2,Pd/C,0.53,Water,84.35,2.92
64.7,1.122,2.5,8.2,DMP,0.13,THF,95.0,2.649
64.6,0.987,4.6,2.5,None,0.0,THF,95.0,2.549
78.0,1.518,7.7,10.8,DMP,0.65,THF,95.0,3.18
45.2,1.152,6.4,2.2,Pd/C,3.02,Water,95.0,3.543
89.3,0.877,9.6,7.1,DMP,1.81,DMSO,95.0,1.776
112.5,0.7,8.9,3.0,TEMPO,0.71,EtOAc,95.0,2.873
86.2,0.903,4.4,6.3,Raney-Ni,4.01,THF,95.0,2.193
77.9,1.389,9.5,8.2,TEMPO,1.04,EtOAc,95.0,2.596
82.1,0.874,10.9,10.6,PPh3,1.8,DMSO,95.0,2.078
99.5,0.97,5.3,2.1,Raney-Ni,5.71,DMF,95.0,1.708
79.4,1.076,6.4,1.9,DMAP,0.1,THF,95.0,2.38
73.0,1.447,7.7,5.2,PPh3,0.11,EtOAc,95.0,2.158
58.2,1.758,9.7,12.3,DMAP,0.58,Water,85.05,2.304
105.8,2.379,10.4,8.7,Pt/C,2.91,MeOH,82.64,1.657
69.1,0.478,2.4,3.2,TEMPO,2.04,EtOH,86.59,4.722
42.0,1.269,8.4,1.4,Raney-Ni,0.29,THF,93.22,1.041
32.6,0.923,7.7,2.4,TFA,0.1,Water,89.26,2.537
103.4,1.242,6.4,3.8,DMP,2.07,DMF,95.0,3.881
66.8,2.589,11.1,14.3,DMAP,0.57,DMSO,93.44,2.189
73.5,0.78,7.1,1.9,None,0.0,EtOH,92.79,5.107
87.2,0.532,6.9,0.5,Pt/C,3.31,DMF,95.0,2.26
117.4,1.267,8.1,15.5,TFA,0.75,MeOH,95.0,5.968
72.8,1.673,7.1,2.2,DMP,0.83,EtOAc,92.48,4.282
71.1,1.191,6.2,0.5,DMP,5.57,DCM,95.0,1.993
124.7,1.48,5.5,0.6,Pt/C,0.2,DCM,95.0,1.856
97.7,0.808,6.1,4.9,Pd/C,4.48,MeOH,95.0,2.273
62.5,0.666,9.0,2.2,Pd/C,3.07,DMSO,95.0,7.319
87.2,0.623,5.7,5.5,Pt/C,1.81,THF,95.0,3.453
64.9,0.414,3.5,9.6,Pt/C,0.38,EtOH,95.0,1.798
66.4,0.706,6.9,3.7,TFA,1.35,THF,95.0,2.566
89.9,1.055,6.7,5.3,Raney-Ni,0.95,DCM,95.0,2.946
70.3,0.518,4.7,0.9,TFA,1.42,EtOH,95.0,3.339
80.1,0.353,6.8,3.4,Pd/C,4.28,DMF,95.0,4.779
20.0,0.531,5.5,1.2,PPh3,0.1,DCM,94.82,3.77
125.8,1.28,5.1,13.2,None,0.0,THF,91.15,5.953
69.8,1.308,8.9,2.6,DMP,3.27,DMF,95.0,1.784
84.6,0.57,3.5,9.0,DMAP,7.86,THF,95.0,3.094
68.3,0.692,6.9,1.1,DMAP,0.84,Water,95.0,1.755
59.4,1.833,7.2,1.8,TEMPO,7.36,EtOAc,76.62,3.639
110.5,0.668,8.4,2.0,Pd/C,3.7,EtOH,95.0,1.34
84.1,0.69,6.0,7.9,TEMPO,1.61,Toluene,95.0,2.648
101.5,1.38,8.8,1.6,None,0.0,DMSO,95.0,5.373
50.5,0.732,3.4,4.3,Pd/C,1.86,EtOH,95.0,1.905
105.9,1.143,2.7,3.2,PPh3,0.42,EtOAc,91.1,1.997
118.9,0.594,4.2,7.5,DMP,1.04,EtOAc,95.0,4.754
106.1,0.736,7.5,0.8,Pt/C,0.1,Toluene,95.0,2.319
54.9,1.201,8.7,3.4,Pd/C,0.1,DCM,95.0,2.285
30.1,0.501,9.2,0.7,Raney-Ni,0.7,MeOH,79.95,3.366
84.5,0.511,5.1,1.7,PPh3,0.3,THF,95.0,2.307
43.1,0.898,10.3,2.9,Pd/C,2.85,Water,87.26,3.251
90.9,2.291,7.1,2.9,Raney-Ni,7.22,Toluene,88.36,2.778
102.6,0.788,8.0,4.4,Pd/C,0.19,MeOH,95.0,3.576
68.3,0.594,9.0,10.8,None,0.0,Toluene,95.0,5.477
32.2,2.432,8.0,1.4,Pd/C,0.13,DMSO,85.37,2.635
92.2,2.313,9.0,5.8,DMAP,1.23,THF,94.12,1.931
72.9,1.614,6.1,2.7,Pd/C,7.92,DCM,95.0,3.169
98.9,0.408,3.7,1.7,None,0.0,EtOH,89.56,3.884
71.1,0.894,10.8,0.8,None,0.0,EtOH,69.75,5.438
76.7,0.669,6.8,7.1,Raney-Ni,0.36,DMSO,95.0,3.115
93.9,1.569,7.1,3.1,TFA,0.53,EtOAc,95.0,3.772
81.6,0.991,8.7,0.5,DMAP,0.13,DMSO,95.0,2.124
90.7,0.613,11.3,0.6,TFA,0.46,DMF,95.0,3.72
63.7,1.212,7.1,3.5,Raney-Ni,1.06,DCM,95.0,1.264
60.3,0.589,7.2,17.6,PPh3,1.22,Water,95.0,2.792
73.8,0.568,6.0,0.6,DMAP,0.19,DMF,95.0,0.826
93.3,3.0,8.7,6.0,DMP,6.03,DMSO,78.34,2.796
74.2,2.079,4.3,4.3,TFA,0.46,DMSO,95.0,3.524
96.2,1.336,6.6,5.7,Raney-Ni,1.86,Water,95.0,3.782
63.2,0.662,5.0,0.5,None,0.0,MeOH,79.62,3.864
102.1,2.787,6.2,2.7,DMP,2.93,DMSO,82.94,6.727
74.3,1.383,6.1,4.3,None,0.0,MeOH,95.0,3.55
79.8,1.629,8.2,8.7,DMP,1.28,DCM,95.0,3.113
61.6,1.479,4.4,9.5,PPh3,2.22,EtOAc,95.0,2.81
74.0,0.585,7.3,1.9,TEMPO,0.15,DMSO,95.0,3.701
59.7,1.427,7.4,2.0,Raney-Ni,0.85,MeOH,95.0,1.979
105.3,0.959,8.2,4.0,None,0.0,DCM,90.2,3.386
94.9,0.981,9.8,11.4,PPh3,1.37,EtOAc,95.0,2.581
118.7,0.967,7.7,1.1,DMP,5.04,EtOAc,89.6,3.317
108.1,1.487,7.5,9.7,Pt/C,3.8,EtOAc,95.0,1.935
73.9,1.063,9.6,2.4,Pt/C,8.4,THF,95.0,2.615
69.6,1.59,4.7,1.0,PPh3,1.09,DMSO,95.0,1.73
85.7,1.914,9.5,11.0,DMP,1.01,DCM,95.0,3.773
90.1,1.291,7.5,4.9,TFA,3.64,THF,95.0,3.675
99.9,0.427,5.3,2.3,Pt/C,0.12,DCM,95.0,2.239
35.5,1.432,3.7,8.0,Pd/C,0.1,Water,94.48,2.92
52.5,2.456,7.4,0.5,DMAP,2.57,Water,69.11,1.439
20.0,0.875,6.1,10.0,Raney-Ni,1.38,THF,95.0,1.312
67.2,2.041,7.1,0.5,Pd/C,1.64,Water,95.0,5.197
71.3,0.577,7.8,3.9,TEMPO,0.26,DMSO,95.0,2.188
53.7,2.21,5.8,6.6,PPh3,0.73,Water,79.19,1.87
59.9,1.12,4.4,9.9,TEMPO,1.47,EtOAc,95.0,2.706
70.8,1.016,6.3,8.9,DMP,0.24,MeOH,95.0,4.118
83.1,0.494,2.2,5.9,None,0.0,Toluene,95.0,5.995
65.3,0.35,6.8,2.9,None,0.0,EtOAc,95.0,8.016
85.2,1.637,10.0,5.4,Pd/C,0.74,Toluene,95.0,2.129
78.2,1.173,6.7,0.8,Raney-Ni,3.02,DCM,95.0,1.562
63.4,1.156,6.4,5.6,TEMPO,0.1,EtOAc,95.0,3.238
109.6,1.289,9.2,6.7,TEMPO,1.14,MeOH,82.64,2.355
90.7,0.483,8.2,1.8,DMP,1.8,EtOH,95.0,2.527
80.3,1.766,8.6,7.4,Raney-Ni,1.71,Water,95.0,2.957
74.7,0.606,6.3,1.9,DMAP,0.44,DCM,95.0,1.321
70.8,0.91,7.0,0.5,DMAP,0.46,EtOH,95.0,1.326
54.8,0.441,8.5,2.0,PPh3,0.42,MeOH,95.0,1.829
90.8,0.899,9.2,1.1,Pd/C,2.66,MeOH,95.0,2.481
84.5,0.953,4.9,2.3,PPh3,4.79,EtOAc,95.0,3.055
48.4,0.704,11.6,2.2,TEMPO,1.14,EtOAc,86.69,3.078
51.5,1.469,2.3,11.2,TFA,0.34,EtOAc,95.0,4.566
100.5,1.579,8.6,4.1,DMP,0.31,DMF,95.0,4.77
67.1,0.63,7.3,3.5,Raney-Ni,1.59,Water,95.0,2.583
52.7,0.849,6.4,10.1,DMAP,0.59,EtOH,95.0,1.799
100.8,1.304,8.5,4.8,TFA,5.17,DCM,95.0,2.979
75.6,1.474,9.3,4.6,Pd/C,0.97,DMF,95.0,1.163
113.9,1.558,4.8,2.4,TEMPO,1.21,DMSO,95.0,1.897
107.3,0.93,6.4,3.5,Pt/C,2.35,Water,95.0,2.101
71.7,1.041,7.1,0.5,TFA,0.16,THF,95.0,1.647
86.7,0.598,4.6,4.1,PPh3,1.8,Toluene,95.0,1.441
106.9,1.093,10.5,0.6,PPh3,2.73,DMF,92.39,4.22
83.3,0.736,6.0,2.9,Pd/C,2.05,MeOH,95.0,4.733
56.4,0.63,8.1,16.0,Pd/C,0.17,EtOAc,95.0,1.601
122.7,1.751,9.8,2.7,Pd/C,1.83,DCM,91.42,2.594
59.2,0.782,9.8,0.7,TEMPO,2.77,MeOH,94.09,2.48
93.0,0.735,6.4,4.5,DMAP,0.48,THF,95.0,1.066
109.0,0.802,11.3,3.0,DMAP,1.03,MeOH,95.0,2.503
143.7,2.354,6.0,8.0,None,0.0,EtOAc,54.57,5.992
98.1,1.109,5.1,2.4,None,0.0,DMF,95.0,6.687
70.8,0.816,5.8,6.4,TEMPO,1.46,EtOH,95.0,2.966
93.7,1.784,8.9,3.4,None,0.0,EtOAc,86.52,2.946
112.6,0.7,6.5,2.1,TEMPO,0.39,DMSO,94.82,2.429
64.5,2.121,7.9,1.7,DMP,1.0,DMF,93.25,4.921
105.6,0.792,9.1,16.4,DMP,0.35,EtOAc,90.83,3.566
84.2,0.504,5.1,5.4,None,0.0,DCM,88.77,3.44
80.9,0.827,4.5,1.6,None,0.0,DCM,81.83,4.592
31.7,0.635,4.5,0.5,TEMPO,3.59,Toluene,77.06,1.791
96.5,1.121,9.7,3.6,DMAP,1.02,DMSO,95.0,2.59
77.2,0.994,4.5,3.9,DMP,1.01,EtOAc,95.0,5.714
96.3,2.272,9.9,3.0,DMP,3.31,Water,68.81,4.296
53.9,1.203,6.2,10.8,Pd/C,3.87,DMSO,95.0,1.792
70.7,0.94,5.0,1.7,PPh3,1.97,EtOH,95.0,1.869
77.9,1.541,3.8,3.1,Raney-Ni,4.58,Water,89.1,2.665
86.2,0.954,12.0,0.7,DMAP,4.03,THF,95.0,1.757
101.4,0.764,8.6,4.0,Pd/C,3.13,DMSO,95.0,3.419
51.5,0.453,6.7,0.5,Pt/C,0.2,EtOAc,95.0,3.765
125.8,1.197,9.6,3.9,TFA,1.11,Toluene,86.28,4.254
49.4,1.401,9.9,8.1,TFA,0.88,EtOAc,93.63,3.674
94.5,1.554,5.7,2.0,Raney-Ni,3.85,DMF,95.0,1.816
100.4,1.046,8.6,2.7,DMAP,0.93,EtOH,95.0,1.433
116.4,0.825,3.3,5.4,DMAP,0.73,Toluene,95.0,1.192
73.0,1.079,6.7,4.3,TFA,0.21,DCM,95.0,3.624
104.0,1.196,7.0,2.4,TEMPO,0.1,DCM,95.0,3.06
70.3,0.702,10.8,2.5,Raney-Ni,1.8,EtOH,95.0,3.365
131.7,2.353,5.2,1.7,PPh3,0.74,THF,95.0,4.147
95.6,1.509,3.0,3.8,Raney-Ni,0.23,DMF,95.0,2.054
57.9,1.074,8.0,2.5,TEMPO,0.46,EtOAc,95.0,2.635
68.5,0.952,8.2,0.9,None,0.0,Toluene,90.11,3.742
69.4,2.391,7.1,0.6,Pd/C,0.11,DMSO,95.0,3.988
98.7,0.43,6.5,6.9,Raney-Ni,8.51,DMF,95.0,3.08
62.4,1.542,4.4,3.5,TFA,2.46,THF,95.0,2.185
71.8,0.495,5.9,3.6,TFA,0.53,Toluene,95.0,2.289
108.5,1.668,7.9,3.1,None,0.0,DMSO,89.72,6.36
75.0,1.407,2.5,1.2,Pt/C,1.12,THF,95.0,2.962
66.5,1.09,9.6,1.5,Raney-Ni,4.8,EtOH,95.0,1.153
91.2,0.409,7.9,3.8,DMP,0.17,MeOH,95.0,2.389
88.8,0.47,7.0,0.5,Pt/C,1.0,DMSO,95.0,4.318
75.1,2.023,8.1,0.7,Raney-Ni,0.91,Water,86.12,2.369
25.9,0.447,6.2,0.5,TEMPO,2.59,DCM,86.62,1.888
102.8,1.209,7.5,6.7,TFA,2.86,MeOH,95.0,3.053
87.0,1.511,6.5,5.6,Raney-Ni,0.49,MeOH,95.0,1.199
86.1,0.411,6.4,2.1,None,0.0,Water,95.0,5.693
76.1,1.372,9.8,0.5,TEMPO,7.29,DMF,95.0,3.413
88.4,0.842,5.4,4.6,TFA,1.98,EtOAc,95.0,2.382
20.0,0.902,6.8,1.7,Raney-Ni,3.85,Water,83.53,2.55
74.7,0.773,5.5,1.0,Pd/C,0.57,THF,95.0,2.227
56.4,0.935,10.0,0.5,Raney-Ni,1.07,MeOH,95.0,5.563
79.2,0.967,4.7,0.6,Pd/C,0.93,THF,95.0,2.103
69.3,0.727,3.9,4.5,DMP,0.38,DMSO,95.0,1.806
85.6,1.242,4.4,1.0,DMP,0.62,DMSO,95.0,2.406
98.8,0.916,5.0,0.5,PPh3,2.14,DCM,95.0,5.385
108.4,0.657,11.7,2.0,Pt/C,1.7,DMSO,95.0,1.827
76.3,0.468,7.1,1.9,Pd/C,0.82,EtOH,95.0,3.806
128.2,0.95,6.7,6.6,Pt/C,2.43,THF,95.0,3.598
118.0,0.779,2.7,6.6,PPh3,0.99,THF,95.0,2.704
117.7,1.211,7.3,3.9,Pd/C,3.68,Water,95.0,1.759
76.6,0.968,6.0,0.9,DMAP,0.79,DMF,95.0,1.499
53.0,2.461,6.5,0.5,DMP,8.85,DCM,85.03,6.117
86.2,1.112,3.0,4.8,None,0.0,MeOH,90.18,4.166
59.9,2.541,7.8,5.2,Raney-Ni,1.64,MeOH,90.13,4.628
59.6,0.573,8.5,3.2,None,0.0,DMF,79.0,6.445
55.5,0.941,4.7,0.6,Pd/C,1.2,EtOH,95.0,2.569
54.9,1.974,11.0,1.4,TEMPO,0.12,EtOH,92.54,2.229
48.4,1.375,9.6,3.1,DMP,0.62,Toluene,87.5,7.916
62.0,0.754,5.9,6.3,None,0.0,MeOH,90.25,4.961
125.4,1.175,7.3,5.8,DMAP,0.51,THF,95.0,2.667
84.7,0.968,7.0,2.2,DMAP,0.26,MeOH,95.0,1.106
32.4,0.666,8.4,6.2,PPh3,1.87,DMSO,95.0,2.707
108.0,1.382,6.9,0.7,Raney-Ni,1.03,DMF,95.0,2.294
59.4,1.74,9.9,4.3,DMAP,0.93,DMF,95.0,1.763
76.5,1.142,6.3,3.0,TFA,4.76,Water,95.0,6.772
96.4,1.595,7.5,5.3,Pd/C,0.54,MeOH,95.0,2.616
110.0,0.489,3.7,0.6,DMAP,3.19,Toluene,95.0,1.924
79.9,0.746,5.9,1.4,TFA,0.94,THF,95.0,1.536
99.2,1.054,7.4,1.4,Pt/C,0.92,Toluene,95.0,5.323
121.0,0.895,10.6,2.8,Raney-Ni,1.14,DCM,88.5,3.158
112.4,0.693,6.7,8.2,PPh3,0.12,EtOH,95.0,1.508
78.4,0.545,8.3,0.5,None,0.0,Toluene,89.36,4.596
103.4,0.465,6.4,2.6,TEMPO,4.78,Toluene,95.0,2.262
82.2,1.731,4.3,3.6,None,0.0,THF,82.91,5.444
112.6,0.552,5.3,5.0,TEMPO,0.57,EtOAc,95.0,4.61
136.4,0.568,8.4,5.2,PPh3,1.0,Toluene,95.0,4.047
107.9,0.863,5.4,4.5,DMP,1.77,EtOH,95.0,3.752
94.4,1.441,5.5,5.9,PPh3,0.39,EtOH,95.0,2.926
78.0,0.768,10.1,13.6,TEMPO,0.72,MeOH,94.27,2.088
59.6,0.84,8.3,1.4,PPh3,1.23,MeOH,95.0,1.538
133.3,2.104,6.7,2.5,DMAP,0.6,DMF,76.66,1.625
63.8,0.457,7.1,3.2,Raney-Ni,1.99,MeOH,95.0,2.524
109.9,1.241,6.9,5.7,PPh3,1.45,MeOH,95.0,1.876
76.2,1.232,8.0,6.8,PPh3,0.1,THF,95.0,2.79
54.0,0.55,6.1,16.0,DMP,0.36,EtOAc,95.0,2.913
78.1,0.632,9.3,3.9,DMP,2.12,MeOH,95.0,3.94
67.7,2.002,8.9,13.2,None,0.0,DCM,88.35,4.679
40.9,1.286,4.6,3.4,TEMPO,1.74,EtOAc,86.26,2.93
91.7,2.265,5.6,3.7,Raney-Ni,1.45,MeOH,95.0,2.814
79.4,1.837,7.9,11.8,DMP,0.1,DCM,95.0,4.066
49.1,1.388,7.8,9.2,DMAP,2.28,DMF,95.0,2.036
89.5,0.828,7.6,5.1,TEMPO,1.0,DCM,95.0,3.33
71.5,0.786,4.8,0.7,TFA,4.13,THF,95.0,2.518
117.6,1.443,9.4,2.8,Pt/C,0.78,MeOH,85.5,4.015
48.9,0.716,8.4,0.8,PPh3,1.29,DMF,95.0,2.255
41.6,0.894,8.1,0.9,Pt/C,1.45,THF,93.22,3.131
84.7,0.883,8.0,3.8,DMAP,0.56,DMSO,95.0,2.175
30.5,0.662,5.4,6.2,Pd/C,1.66,Toluene,95.0,2.253
97.6,1.137,3.5,2.0,DMAP,0.15,DCM,94.66,3.292
82.5,1.313,5.0,0.6,DMAP,0.1,DMSO,95.0,3.323
78.4,1.273,7.4,4.6,PPh3,1.46,Toluene,95.0,2.155
83.3,0.911,7.6,2.2,TFA,0.14,MeOH,95.0,3.324
59.3,1.102,5.7,5.4,DMP,0.15,Toluene,95.0,4.263
77.9,1.095,10.7,7.1,None,0.0,DMSO,89.49,3.813
67.9,0.441,10.0,6.7,DMAP,1.63,DMSO,94.73,3.814
69.7,1.204,10.2,11.1,DMAP,2.88,DMSO,95.0,3.322
78.5,1.09,7.9,3.9,Pd/C,1.93,MeOH,95.0,1.499
39.4,1.38,9.1,0.5,TFA,1.69,DMSO,86.64,1.418
87.1,1.229,8.0,6.3,DMAP,1.26,DMSO,95.0,1.068
55.3,0.792,9.0,2.6,TFA,0.57,EtOAc,83.13,1.739
46.0,0.956,7.7,0.5,DMP,7.17,THF,93.85,5.925
114.5,1.323,8.7,7.0,TFA,1.94,DMF,95.0,3.514
25.7,0.963,8.6,0.9,Pt/C,1.96,EtOAc,83.24,1.669
90.6,1.626,6.8,1.0,DMAP,1.79,THF,95.0,2.673
102.8,0.749,5.2,15.3,DMAP,0.2,DMF,95.0,1.479
63.6,1.683,7.7,4.3,TFA,1.18,DMSO,95.0,1.656
81.6,1.185,12.0,1.0,DMP,0.18,DMF,95.0,2.653
80.4,0.777,6.9,10.8,TFA,0.16,DMSO,95.0,3.817
94.3,1.029,8.3,1.7,TEMPO,1.91,DMSO,95.0,3.251
77.9,1.522,5.4,9.4,TEMPO,0.1,EtOAc,95.0,2.632
115.2,1.077,11.4,2.8,Pt/C,0.1,DCM,95.0,1.474
23.6,0.952,10.4,1.2,Raney-Ni,0.5,EtOH,82.24,2.156
58.0,0.424,8.2,1.0,DMAP,0.46,EtOAc,95.0,2.265
98.3,0.951,6.1,1.5,DMP,0.1,DMF,95.0,3.822
72.2,0.898,5.4,0.5,DMP,0.1,MeOH,95.0,3.182
86.3,2.129,8.0,2.0,PPh3,1.11,THF,95.0,2.525
54.5,0.699,6.1,19.2,Pd/C,0.44,EtOH,95.0,2.069
82.0,0.622,7.2,3.3,Pt/C,1.59,DCM,95.0,2.287
72.6,0.633,5.4,0.5,TEMPO,0.88,EtOH,95.0,3.15
114.2,1.169,5.2,3.5,Pd/C,2.95,DCM,95.0,2.716
31.8,1.201,7.1,3.7,Raney-Ni,3.03,DMSO,88.78,2.08
116.0,1.182,8.2,5.7,TEMPO,2.79,MeOH,95.0,2.905
73.2,0.255,7.2,1.8,DMAP,0.26,DMSO,95.0,1.431
139.0,1.018,8.5,3.2,Pt/C,0.56,THF,91.68,3.452
69.8,2.177,5.6,0.5,Raney-Ni,3.18,DMF,95.0,3.307
124.6,1.038,11.9,9.1,Raney-Ni,0.1,Toluene,95.0,3.459
97.4,2.087,8.8,6.3,Pd/C,1.18,THF,95.0,3.085
102.6,1.898,6.0,2.0,DMP,0.1,DCM,95.0,1.953
57.4,1.519,9.2,0.5,Pt/C,0.84,THF,95.0,1.072
53.2,1.155,5.5,6.4,DMAP,0.54,DCM,95.0,4.939
117.8,0.519,9.0,0.5,Raney-Ni,1.38,Water,95.0,2.951
44.2,0.462,4.8,2.0,DMP,8.42,DMSO,95.0,4.835
81.3,0.367,7.8,0.5,Raney-Ni,1.58,DMSO,95.0,3.791
131.1,0.924,6.8,2.6,Pt/C,1.2,MeOH,95.0,3.149
98.0,1.036,8.9,2.8,None,0.0,MeOH,75.96,7.176
75.8,0.939,8.4,3.0,Raney-Ni,0.45,Water,95.0,4.135
27.9,1.006,9.6,0.5,PPh3,0.18,MeOH,82.08,2.613
88.1,3.0,7.2,7.6,None,0.0,DMSO,75.59,2.866
86.3,1.476,5.2,3.8,Pt/C,1.16,Toluene,95.0,1.182
104.7,1.391,8.2,12.4,Pt/C,2.06,EtOAc,95.0,2.646
87.5,0.327,7.6,20.1,PPh3,3.15,MeOH,95.0,1.933
88.4,1.098,5.5,0.7,TFA,6.45,DMF,95.0,3.787
98.0,1.157,8.3,10.5,TEMPO,1.74,EtOAc,95.0,1.403
80.2,2.408,5.4,5.3,DMP,2.11,DMF,95.0,3.932
91.1,0.765,5.2,0.5,PPh3,3.0,MeOH,95.0,1.332
78.8,0.67,4.0,0.5,TFA,2.83,EtOH,79.43,5.486
93.7,1.068,7.0,2.5,DMAP,1.18,MeOH,95.0,1.025
58.2,0.95,7.7,0.6,DMP,0.31,THF,89.97,3.631
62.1,1.253,7.8,17.9,PPh3,1.02,DMF,95.0,2.237
82.9,1.752,8.5,3.1,Pd/C,0.25,Toluene,95.0,2.278
118.8,1.02,5.7,3.6,TEMPO,0.34,MeOH,95.0,4.572
66.1,0.914,5.1,6.4,DMP,4.15,Water,95.0,6.034
90.7,0.721,7.2,1.4,TEMPO,0.84,MeOH,95.0,1.908
92.5,1.418,7.3,3.8,Pd/C,1.83,Toluene,95.0,2.514
48.9,0.591,6.3,4.4,Pd/C,0.1,EtOAc,95.0,2.235
34.3,2.245,6.3,5.2,PPh3,0.1,EtOAc,81.09,3.361
96.0,0.995,6.1,2.3,TEMPO,1.62,Toluene,95.0,3.405
111.5,1.132,8.4,0.8,Pd/C,0.44,DMSO,95.0,4.661
88.8,0.444,7.9,0.5,Pt/C,1.23,DCM,95.0,1.927
77.2,0.9,5.1,2.6,TEMPO,0.52,EtOAc,95.0,2.523
65.3,0.773,9.7,1.1,TFA,0.46,DMF,85.99,2.869
119.4,1.988,7.6,1.0,PPh3,1.24,DMSO,95.0,2.397
60.3,0.791,6.5,2.9,DMP,6.32,DMSO,95.0,2.159
20.0,0.863,8.8,2.6,Pd/C,4.93,DMF,91.32,1.94
82.7,1.388,6.6,4.0,Raney-Ni,1.91,DMF,95.0,4.099
54.6,0.67,5.7,2.9,TFA,0.15,Water,95.0,2.892
79.6,0.697,7.4,1.9,Pt/C,0.1,EtOH,95.0,1.614
56.8,1.326,7.5,8.8,Pd/C,1.71,DMSO,95.0,1.551
87.8,1.265,7.9,0.5,DMAP,0.49,DMSO,95.0,3.751
71.7,0.717,5.1,2.4,DMAP,0.4,EtOAc,95.0,1.281
76.3,2.351,9.3,4.9,Raney-Ni,4.09,EtOAc,88.84,4.056
103.1,1.317,4.7,2.6,None,0.0,DMSO,95.0,4.164
82.2,3.0,6.1,1.2,DMP,4.4,DMSO,83.03,6.652
97.2,1.185,10.0,7.4,TEMPO,2.41,Water,95.0,4.129
94.5,2.719,6.7,0.5,TFA,0.81,DMF,93.64,3.082
92.3,1.407,10.7,0.6,TEMPO,0.43,DCM,95.0,3.38
62.2,2.332,8.1,0.6,TEMPO,5.03,DCM,86.72,5.001
73.6,0.571,6.5,5.8,DMP,7.09,Toluene,95.0,2.7
53.3,1.125,6.8,3.9,Pt/C,2.78,Water,95.0,4.119
114.4,0.916,8.9,7.0,TFA,7.2,Water,92.64,8.505
124.1,0.879,1.4,2.1,Pd/C,0.32,Toluene,95.0,1.546
139.5,0.964,10.6,1.5,Raney-Ni,4.55,Water,82.06,2.806
106.4,0.706,9.4,6.7,DMP,2.05,THF,95.0,2.352
124.9,0.727,3.3,6.8,None,0.0,DMSO,95.0,2.81
64.7,0.844,9.9,1.0,TFA,1.13,EtOAc,80.39,3.355
51.9,0.767,6.0,0.9,Pd/C,0.48,Toluene,95.0,1.062
56.7,0.816,3.3,0.5,DMP,0.47,Water,92.85,3.504
52.4,1.559,6.4,20.8,None,0.0,DMSO,93.69,3.986
73.8,0.499,5.9,4.6,PPh3,2.54,EtOAc,95.0,1.609
54.0,1.089,6.4,2.9,PPh3,0.49,DMF,95.0,4.643
80.9,0.568,6.6,6.9,PPh3,0.1,MeOH,95.0,2.035
100.8,2.856,7.3,1.7,None,0.0,THF,78.4,5.607
43.1,0.921,5.3,1.1,DMP,2.67,DCM,95.0,3.391
120.9,1.179,6.5,5.6,TFA,3.33,Water,95.0,3.729
62.7,2.553,6.0,4.6,Raney-Ni,0.27,EtOAc,71.65,2.0
75.9,1.223,8.9,4.2,TEMPO,1.28,MeOH,95.0,2.168
56.5,1.02,8.6,0.5,TEMPO,2.67,EtOH,95.0,2.066
39.1,1.97,9.1,0.5,PPh3,0.36,EtOH,76.85,1.833
60.5,1.09,6.5,5.8,Pd/C,3.56,Toluene,95.0,2.865
67.3,0.511,3.6,1.9,None,0.0,Toluene,92.82,4.509
113.0,0.446,10.0,2.2,DMAP,7.49,EtOAc,90.59,1.321
50.0,0.916,10.9,0.5,PPh3,0.41,Toluene,95.0,2.622
55.4,1.171,9.3,3.4,TEMPO,0.93,EtOAc,89.95,4.308
121.5,2.599,8.3,3.4,Raney-Ni,9.35,DMSO,75.98,2.652
73.6,2.129,11.4,2.9,DMAP,9.12,Toluene,86.14,2.222
123.0,0.529,7.5,3.1,None,0.0,MeOH,95.0,5.572
61.5,2.158,5.6,0.5,PPh3,1.81,MeOH,82.8,1.759
72.8,0.585,7.7,17.2,TFA,3.03,THF,95.0,3.624
108.1,0.906,7.0,2.7,Raney-Ni,10.29,DCM,95.0,3.474
72.8,0.644,8.7,4.2,DMAP,4.03,DCM,95.0,1.758
115.4,1.533,8.9,1.4,TEMPO,0.11,Toluene,95.0,2.21
88.5,2.311,5.8,1.0,Pt/C,0.65,EtOH,93.43,2.137
74.1,0.989,9.9,3.4,Pt/C,1.03,Toluene,92.96,1.419
119.7,1.999,5.8,12.8,Raney-Ni,0.23,DCM,79.22,3.887
55.0,1.685,11.2,2.6,TFA,0.14,EtOAc,88.4,2.545
89.5,1.189,8.3,5.3,Raney-Ni,1.95,Toluene,95.0,4.394
97.4,0.298,7.2,3.8,Pd/C,3.0,EtOH,95.0,2.877
88.0,0.793,9.3,5.4,Pd/C,1.92,EtOH,95.0,1.732
98.2,0.357,9.0,2.9,DMAP,0.83,DCM,95.0,2.031
83.0,1.794,9.3,1.2,None,0.0,DMF,78.14,9.348
69.1,0.831,4.3,5.7,TFA,8.01,Water,86.74,1.606
110.2,1.006,7.6,10.5,TEMPO,0.65,DMF,95.0,8.307
92.8,0.718,7.1,1.4,TEMPO,2.96,MeOH,95.0,2.42
69.8,0.465,8.5,6.2,None,0.0,DMF,92.36,6.04
35.4,1.406,5.4,6.0,TEMPO,1.28,THF,95.0,2.664
129.5,0.499,8.5,13.7,TEMPO,0.27,Water,95.0,2.85
88.0,1.588,5.4,1.0,Pt/C,1.71,Toluene,95.0,1.386
80.1,1.289,4.4,4.3,None,0.0,EtOAc,88.67,4.134
82.8,1.674,8.1,1.1,TFA,1.66,DMSO,95.0,4.67
76.3,0.573,9.6,0.7,Raney-Ni,0.76,MeOH,95.0,2.601
65.7,0.712,6.2,1.7,Pd/C,0.19,DMF,95.0,1.327
43.4,1.762,8.0,1.7,PPh3,0.62,EtOAc,95.0,2.095
61.3,2.535,8.3,4.5,Raney-Ni,5.1,THF,93.56,3.373
74.3,0.441,9.7,2.7,DMAP,0.18,Water,95.0,1.226
116.5,1.312,7.5,3.2,DMAP,1.47,Water,93.99,3.25
77.2,0.606,7.0,10.3,None,0.0,MeOH,95.0,3.73
68.1,3.0,4.8,2.9,Pt/C,2.02,Toluene,81.37,1.205
84.6,0.481,7.6,1.1,DMAP,0.89,EtOH,76.04,2.5
76.6,1.061,10.0,4.2,Pt/C,1.12,DMSO,95.0,3.229
63.1,0.487,6.1,0.9,Raney-Ni,3.91,DCM,95.0,3.253
91.1,0.575,4.3,17.0,TFA,1.87,THF,95.0,4.038
80.1,0.84,3.6,4.4,TEMPO,2.08,DMF,95.0,4.466
97.5,0.776,7.4,11.7,DMP,0.76,Toluene,95.0,8.325
67.5,1.106,9.1,9.1,TFA,6.99,DMF,95.0,3.421
64.6,1.148,6.9,2.0,Pd/C,0.36,EtOH,95.0,2.767
68.7,1.343,6.8,1.5,TEMPO,2.21,MeOH,95.0,4.505
25.5,1.023,6.9,1.1,DMAP,10.67,MeOH,87.9,2.018
80.0,2.322,8.1,4.5,Pt/C,2.54,THF,95.0,2.532
75.7,1.498,7.1,3.0,DMP,0.97,EtOAc,95.0,5.365
98.1,0.994,11.4,5.0,Pd/C,6.37,DMSO,95.0,2.38
134.0,0.408,7.5,6.1,TEMPO,0.97,MeOH,95.0,2.457
68.3,0.564,5.7,5.0,TFA,3.53,DMSO,95.0,4.618
47.3,1.168,9.4,16.9,PPh3,7.76,Toluene,95.0,1.423
117.7,0.815,8.2,0.5,TFA,3.34,DMF,95.0,3.042
77.1,0.823,7.9,1.0,Pt/C,0.44,EtOH,95.0,4.666
72.4,1.614,8.0,6.3,Pd/C,1.54,Water,95.0,4.262
111.1,1.263,3.6,2.5,PPh3,0.75,EtOAc,95.0,2.564
75.4,1.039,4.5,0.5,DMP,1.36,EtOH,94.97,4.947
65.5,1.039,3.8,13.5,DMAP,2.02,DCM,87.56,2.801
92.3,1.254,12.0,1.6,Pd/C,1.02,Toluene,95.0,5.535
79.1,0.867,7.8,0.5,PPh3,1.67,Water,95.0,3.051
77.9,0.326,6.8,4.5,TEMPO,1.4,DMSO,95.0,2.234
108.8,0.444,6.8,0.7,TFA,0.48,THF,95.0,3.381
91.3,0.894,6.7,3.5,None,0.0,THF,95.0,6.253
66.9,0.811,6.8,1.1,TFA,3.0,THF,95.0,3.453
107.1,1.069,6.7,2.8,Pt/C,1.19,DCM,95.0,3.128
96.9,1.431,4.5,5.2,DMP,1.24,MeOH,95.0,4.061
79.7,1.335,4.8,0.6,TEMPO,0.1,EtOH,95.0,1.671
36.4,0.337,6.4,0.5,DMAP,1.4,EtOAc,95.0,3.3
24.2,0.947,8.2,0.5,DMP,0.16,DMSO,95.0,4.468
106.2,1.179,8.2,2.0,None,0.0,Toluene,87.04,3.138
98.0,0.816,5.4,4.2,TEMPO,0.42,EtOH,95.0,3.344
101.1,1.064,4.2,1.7,Raney-Ni,0.36,DMSO,95.0,2.841
89.7,2.394,10.4,4.6,TEMPO,0.1,Toluene,95.0,2.952
102.2,1.55,3.9,10.4,TFA,0.84,MeOH,95.0,3.777
57.0,1.087,7.9,2.2,DMAP,0.1,EtOH,84.62,1.056
59.9,1.837,5.3,0.6,DMP,0.61,EtOAc,87.74,3.892
55.6,1.662,9.3,1.3,Pt/C,0.51,EtOAc,95.0,2.261
118.5,1.244,5.7,0.7,TFA,1.28,EtOAc,95.0,2.305
125.9,1.235,6.5,4.7,Raney-Ni,0.63,Water,95.0,4.83
44.4,0.812,6.7,6.5,PPh3,0.41,EtOH,94.69,2.156
20.0,1.113,4.4,0.6,Pd/C,0.76,Water,86.39,3.954
112.0,0.826,10.5,2.3,Raney-Ni,1.9,DMSO,95.0,3.635
46.1,0.483,6.9,8.6,PPh3,0.55,Water,95.0,1.754
55.4,0.542,4.9,0.5,Pd/C,1.92,DCM,95.0,3.202
64.7,0.92,10.2,0.9,TFA,1.84,DMSO,90.2,3.914
60.9,0.315,7.2,1.6,Pt/C,0.1,MeOH,95.0,1.935
36.1,1.168,1.3,1.3,TEMPO,0.38,EtOAc,77.2,1.809
37.3,1.369,6.1,3.6,None,0.0,DMSO,61.54,4.864
63.9,0.874,10.4,2.7,TEMPO,0.77,EtOH,95.0,2.365
79.9,0.915,6.5,2.2,None,0.0,Water,93.32,5.865
135.7,0.486,8.3,0.8,Pd/C,4.58,MeOH,88.63,3.026
113.6,1.436,8.8,0.8,DMP,2.75,EtOAc,84.11,4.535
85.3,0.794,3.8,4.5,DMAP,3.91,EtOH,95.0,3.155
55.6,2.194,8.0,0.8,TEMPO,3.5,DMSO,91.31,2.463
52.6,0.835,9.9,7.8,Pt/C,0.15,DCM,95.0,1.601
101.5,0.719,7.4,0.9,DMP,2.59,EtOH,95.0,3.29
57.7,0.377,5.5,0.6,Raney-Ni,1.36,DMF,95.0,2.222
89.2,1.011,7.9,7.6,TEMPO,0.21,THF,95.0,3.463
72.8,0.902,6.7,1.5,Raney-Ni,0.77,Water,95.0,1.494
20.0,1.213,6.2,3.9,None,0.0,DMSO,75.86,4.904
101.0,0.736,7.6,0.5,PPh3,0.66,THF,95.0,2.685
98.5,0.692,6.6,4.8,None,0.0,Toluene,91.37,9.171
94.0,0.627,3.6,0.6,TEMPO,0.73,EtOH,95.0,5.514
76.3,0.873,7.2,5.5,TEMPO,0.83,THF,95.0,3.797
72.8,1.096,8.9,8.4,Raney-Ni,11.74,DMF,95.0,3.482
113.9,2.039,5.4,4.3,Raney-Ni,0.45,DMSO,95.0,4.618
85.7,1.047,6.2,0.5,PPh3,0.1,EtOAc,95.0,2.126
43.1,1.249,8.3,4.9,Pd/C,0.72,THF,95.0,3.537
98.7,1.16,5.7,4.9,Pt/C,0.25,Water,95.0,1.926
100.0,1.184,6.6,4.7,DMAP,0.49,Water,95.0,1.737
44.5,0.937,9.0,11.5,Pt/C,0.15,MeOH,83.11,3.896
78.1,3.0,10.3,8.6,None,0.0,MeOH,67.22,5.75
128.9,2.104,6.1,0.5,TEMPO,6.12,EtOAc,68.64,3.544
103.9,0.542,6.4,7.1,PPh3,4.72,DCM,95.0,9.362
90.6,1.601,4.5,0.5,Raney-Ni,2.04,THF,95.0,5.129
116.0,0.616,8.0,8.7,Raney-Ni,1.49,DCM,95.0,3.939
89.3,0.973,7.3,3.5,Pt/C,0.51,DMF,95.0,2.275
69.3,1.494,4.7,7.0,DMP,1.51,DMSO,95.0,5.085
81.6,1.584,8.9,4.0,TFA,2.77,EtOH,95.0,1.881
33.6,0.454,5.5,0.8,PPh3,7.48,MeOH,95.0,2.126
86.5,1.009,5.3,7.0,Raney-Ni,4.2,MeOH,95.0,4.392
44.6,1.337,3.9,6.6,TFA,3.59,EtOAc,90.95,2.805
82.5,1.358,9.5,8.0,None,0.0,DMSO,95.0,3.988
110.2,0.837,5.6,1.2,Raney-Ni,3.71,Toluene,95.0,1.697
67.3,0.46,8.0,6.7,TFA,4.85,THF,95.0,3.19
67.9,1.495,6.3,3.8,DMP,9.3,Water,95.0,3.126
70.9,0.63,7.6,1.3,Pd/C,1.87,DMF,95.0,1.327
93.3,2.06,4.4,4.2,Pt/C,0.86,THF,95.0,2.56
62.4,0.954,7.4,1.9,Pd/C,0.1,THF,95.0,1.425
40.8,2.237,6.6,11.3,None,0.0,MeOH,58.27,2.921
74.9,0.626,6.4,2.3,DMAP,0.13,MeOH,95.0,0.536
60.7,0.754,8.9,1.5,Raney-Ni,0.1,EtOH,95.0,1.754
89.8,1.712,5.4,11.6,TFA,1.1,Water,95.0,2.951
98.2,2.125,11.7,0.9,TFA,1.1,DMSO,87.6,4.278
124.9,0.559,6.8,8.0,DMP,2.12,Toluene,95.0,3.075
82.8,3.0,4.9,6.0,Pt/C,0.48,MeOH,80.27,3.301
74.4,2.101,8.5,4.3,TFA,1.24,THF,92.75,2.479
95.0,0.797,8.8,7.4,DMAP,3.73,Water,95.0,1.414
99.6,1.414,10.1,13.0,Pd/C,4.61,EtOAc,95.0,2.88
119.4,0.55,6.3,0.5,None,0.0,EtOAc,87.36,4.569
89.2,0.776,6.6,15.1,None,0.0,Water,94.87,4.069
125.7,0.653,6.6,0.5,DMP,0.13,Water,86.59,4.0
59.9,3.0,7.2,2.1,DMAP,1.03,MeOH,64.99,1.47
92.0,1.894,10.6,1.7,TEMPO,2.49,MeOH,95.0,4.044
79.2,2.803,8.6,1.0,Pt/C,0.51,EtOAc,85.42,2.772
108.2,1.057,11.0,0.5,DMAP,1.37,EtOAc,89.54,3.033
119.1,0.66,7.9,1.8,Pt/C,4.71,DMF,95.0,2.836
75.8,0.184,7.5,4.7,Pd/C,0.95,Water,95.0,2.143
59.8,1.637,5.2,3.2,TEMPO,3.56,MeOH,90.46,2.769
77.5,0.875,7.3,2.2,None,0.0,MeOH,95.0,5.755
83.0,0.51,7.1,3.0,DMP,0.15,MeOH,95.0,2.857
62.7,0.478,5.4,3.4,None,0.0,MeOH,79.51,5.81
67.4,0.636,8.8,17.4,None,0.0,MeOH,91.32,4.921
84.7,0.68,6.6,13.5,Raney-Ni,4.62,DMF,95.0,2.859
74.5,0.635,6.7,7.4,TEMPO,1.99,EtOH,95.0,2.426
87.8,2.13,7.4,0.5,TEMPO,1.2,DMF,95.0,3.831
83.1,1.218,6.2,2.5,Pd/C,1.57,EtOH,95.0,1.393
55.8,0.594,6.3,2.4,Raney-Ni,0.54,THF,95.0,1.307
57.6,1.145,5.5,5.0,None,0.0,MeOH,68.74,4.372
118.0,1.006,7.8,0.5,TEMPO,1.91,Toluene,95.0,3.219
94.9,3.0,7.6,0.8,TEMPO,0.86,DCM,64.1,2.596
89.8,1.34,7.4,4.5,TEMPO,0.58,DCM,95.0,3.672
39.6,1.739,9.4,7.6,DMP,2.86,Toluene,80.51,7.149
84.4,0.471,5.5,3.8,Raney-Ni,5.02,THF,95.0,2.555
27.4,0.455,11.3,3.3,DMAP,1.81,MeOH,78.41,1.552
105.4,0.48,7.0,8.6,DMP,0.44,MeOH,95.0,4.786
59.8,0.669,7.0,7.1,None,0.0,DMSO,85.23,3.529
140.6,0.961,9.2,3.3,Pt/C,5.7,Toluene,95.0,2.999
101.2,0.491,10.6,5.1,PPh3,0.1,DCM,95.0,3.006
115.8,0.426,7.4,2.7,Pd/C,0.15,EtOAc,95.0,1.653
72.5,0.76,8.7,14.2,DMAP,3.02,DMSO,95.0,2.461
52.9,0.886,8.0,5.0,DMP,0.14,Toluene,95.0,3.415
46.6,1.374,10.3,3.0,TEMPO,0.33,Toluene,95.0,3.328
85.6,0.509,4.6,7.0,Pd/C,1.31,DMF,95.0,2.565
105.9,0.803,6.2,4.6,TEMPO,3.19,Toluene,95.0,4.025
102.0,1.177,4.2,0.6,TFA,4.09,DMSO,95.0,3.547
85.1,1.685,7.8,1.0,TFA,1.27,DCM,95.0,3.129
103.8,0.456,6.2,0.5,TEMPO,0.1,DMF,95.0,4.583
91.8,0.897,5.9,20.5,DMAP,0.14,Toluene,95.0,2.881
47.3,1.264,5.8,2.9,TFA,1.75,THF,95.0,2.261
64.5,1.109,9.7,1.3,DMAP,0.53,DMF,94.67,2.381
97.2,0.66,11.0,4.8,Pt/C,0.36,MeOH,95.0,2.488
57.3,2.221,8.9,10.6,DMAP,2.29,MeOH,77.43,1.886
64.8,1.225,4.0,2.4,Pt/C,4.02,EtOAc,95.0,5.502
62.2,2.288,5.3,7.3,None,0.0,EtOH,70.1,7.693
61.2,1.572,8.5,0.7,None,0.0,MeOH,78.7,2.823
48.1,0.936,6.8,5.7,TFA,1.49,DMSO,95.0,2.195
78.7,1.323,4.0,1.2,TFA,0.58,Toluene,95.0,3.213
86.2,0.812,8.3,0.9,Pt/C,1.02,MeOH,95.0,4.302
69.6,0.823,7.2,1.1,DMAP,0.89,EtOAc,93.92,3.394
73.3,1.61,5.9,5.0,TEMPO,0.41,THF,95.0,3.178
64.6,0.734,8.9,3.7,Raney-Ni,3.0,Toluene,95.0,1.927
68.1,0.614,8.2,1.5,Raney-Ni,2.51,EtOAc,95.0,2.334
71.6,1.062,9.8,4.9,TFA,2.85,THF,95.0,4.495
92.4,1.017,7.1,9.4,DMAP,0.52,Water,95.0,1.301
81.2,0.717,8.0,3.2,DMP,2.04,DCM,95.0,2.955
63.7,0.798,5.8,0.5,Raney-Ni,0.8,Water,95.0,3.401
50.0,1.663,9.5,0.5,None,0.0,EtOH,66.46,6.759
93.0,0.71,7.3,3.2,Pt/C,1.47,EtOH,95.0,3.488
89.6,0.6,7.5,5.2,Pd/C,2.33,MeOH,95.0,1.559
90.7,0.466,8.2,5.2,None,0.0,MeOH,95.0,3.463
67.9,0.819,7.5,7.6,Pt/C,4.99,EtOH,95.0,2.004
102.7,1.091,5.7,2.8,None,0.0,THF,87.16,2.321
115.6,1.811,8.7,4.3,Pt/C,3.8,DCM,95.0,2.41
89.2,1.119,7.1,7.9,TFA,0.4,DCM,95.0,5.375
91.0,0.464,9.2,1.6,Pd/C,1.12,MeOH,95.0,3.062
63.3,1.185,1.0,0.6,Pt/C,0.91,EtOH,88.0,3.037
84.3,1.297,7.8,0.5,PPh3,0.1,DMF,95.0,2.061
83.3,1.727,6.9,6.8,Pt/C,1.77,EtOH,95.0,2.1
62.0,1.534,9.2,5.9,Pt/C,0.26,MeOH,95.0,1.643
116.1,2.202,6.7,8.0,Pt/C,2.11,DMF,95.0,2.555
51.2,1.258,4.9,0.5,Pt/C,3.14,Toluene,95.0,2.662
47.9,1.59,7.3,2.2,Pt/C,4.04,DMSO,95.0,2.921
57.8,0.445,8.0,0.5,None,0.0,DCM,82.37,2.48
85.9,1.778,4.7,7.1,Raney-Ni,2.63,Water,95.0,1.354
71.9,1.266,7.2,1.1,TFA,0.77,Toluene,95.0,2.741
110.9,2.487,8.8,4.4,TFA,0.77,THF,83.19,3.529
83.2,1.839,5.1,5.0,TEMPO,4.43,DCM,95.0,4.43
67.1,0.594,4.4,10.6,PPh3,0.67,MeOH,95.0,2.547
111.3,0.732,7.8,1.5,TFA,2.58,Toluene,95.0,5.655
94.4,0.664,6.4,4.6,None,0.0,DMSO,95.0,7.245
61.2,1.72,6.0,1.2,DMAP,0.52,DMF,95.0,1.297
56.8,0.933,10.2,0.9,Pt/C,0.44,DCM,95.0,3.27
81.9,0.915,1.0,4.7,TEMPO,0.91,DMF,95.0,3.215
64.8,1.461,10.6,2.2,PPh3,2.43,EtOH,95.0,2.94
87.1,0.814,5.8,0.7,DMP,2.19,DMF,95.0,4.889
109.7,0.494,9.6,1.9,DMP,1.04,MeOH,88.34,2.789
90.4,1.287,6.4,1.1,DMAP,0.6,DCM,94.83,1.632
63.7,1.094,7.7,7.0,PPh3,3.52,Toluene,95.0,2.484
81.2,0.705,3.9,5.4,Raney-Ni,0.65,MeOH,95.0,2.773
74.1,1.374,3.2,2.1,Raney-Ni,2.36,Water,87.4,3.789
142.1,1.815,7.4,0.6,TFA,2.41,EtOAc,85.54,6.381
111.0,1.527,4.1,7.9,DMAP,0.47,Water,95.0,1.695
28.2,0.57,7.0,0.5,None,0.0,MeOH,64.29,5.0
95.6,1.396,6.1,9.8,PPh3,0.51,EtOAc,95.0,1.662
52.5,2.078,8.3,1.9,Pd/C,1.88,EtOH,88.39,3.159
42.2,0.813,9.3,13.6,PPh3,1.98,MeOH,95.0,1.226
86.2,0.674,3.8,2.3,Raney-Ni,5.24,DMSO,95.0,3.107
97.6,0.427,5.5,1.1,PPh3,2.71,DMF,95.0,3.135
68.7,3.0,8.4,3.3,DMAP,7.9,MeOH,73.07,2.704
93.5,0.964,8.9,2.2,PPh3,1.08,DMSO,95.0,2.551
77.8,1.821,7.2,12.1,Pd/C,1.72,THF,95.0,2.927
76.0,2.908,8.5,1.2,DMAP,0.47,DMF,71.88,1.715
97.8,0.59,5.0,6.2,TEMPO,0.72,EtOH,95.0,2.615
109.2,0.914,8.5,3.8,Pd/C,0.35,EtOAc,95.0,9.143
66.0,0.461,7.6,7.8,TEMPO,0.1,MeOH,95.0,1.888
133.6,1.168,6.1,10.7,TFA,5.01,THF,95.0,5.087
44.4,0.914,7.1,0.7,TEMPO,1.17,MeOH,89.64,2.067
73.7,1.675,8.9,2.2,DMAP,1.78,EtOH,95.0,2.092
75.6,1.503,3.6,1.4,DMP,0.67,EtOH,95.0,2.291
52.4,0.618,8.7,3.4,Raney-Ni,3.29,Water,91.06,1.986
74.9,1.294,7.5,1.7,Pd/C,4.69,Toluene,95.0,1.641
75.3,0.697,4.3,1.0,DMAP,1.17,DCM,95.0,1.178
45.2,0.332,6.9,5.5,TEMPO,0.3,Toluene,95.0,3.804
43.9,1.886,8.0,1.8,Pt/C,1.42,Water,86.85,1.212
94.9,0.743,8.7,3.1,Pt/C,1.61,DCM,95.0,2.533
54.8,0.392,5.3,2.9,Pt/C,0.23,DMSO,95.0,1.913
130.8,1.402,6.5,0.5,TFA,0.76,EtOAc,95.0,3.748
100.6,0.804,9.6,2.7,TEMPO,0.59,MeOH,95.0,3.877
46.0,0.559,5.5,3.9,DMAP,7.36,DCM,93.81,5.065
99.5,0.628,10.9,0.9,Pd/C,2.02,EtOH,95.0,3.442
70.0,1.222,9.9,15.7,TFA,1.15,MeOH,92.98,3.181
111.8,0.704,6.3,7.3,None,0.0,DCM,94.87,7.245
102.5,0.414,8.6,2.5,DMAP,4.31,EtOAc,95.0,3.296
93.1,0.839,6.8,2.3,None,0.0,DMSO,95.0,5.131
80.1,0.898,4.5,2.7,Raney-Ni,4.42,DCM,95.0,1.905
60.8,0.599,8.5,3.2,TEMPO,1.5,THF,94.48,3.082
95.5,3.0,5.6,0.5,None,0.0,THF,65.36,4.148
48.9,0.557,8.5,0.9,Pt/C,1.12,MeOH,95.0,1.742
38.7,1.286,4.4,5.9,DMAP,3.82,DMF,95.0,4.678
111.2,1.168,5.9,13.3,TFA,2.93,THF,95.0,5.698
110.4,1.219,4.9,2.3,Raney-Ni,0.13,EtOAc,95.0,4.011
63.9,1.516,8.3,5.6,DMP,2.4,THF,95.0,3.167
67.1,0.706,8.4,1.2,None,0.0,EtOAc,88.73,2.677
91.9,0.549,4.3,5.7,DMAP,2.51,THF,95.0,1.049
83.6,0.63,9.2,2.2,Pt/C,2.67,DMSO,95.0,2.02
109.0,0.93,6.8,4.3,DMP,10.05,EtOH,95.0,4.461
36.1,1.201,8.3,5.2,Raney-Ni,1.61,DCM,95.0,1.992
80.7,1.182,4.5,1.6,Pt/C,3.4,EtOH,95.0,1.691
66.2,0.442,5.6,0.5,DMP,1.35,DMF,95.0,4.641
113.6,2.518,7.8,14.9,Pd/C,0.1,EtOAc,95.0,3.69
104.7,0.872,3.3,4.0,TEMPO,1.02,EtOH,95.0,2.533
61.1,0.636,7.0,6.4,DMAP,0.75,DMSO,95.0,1.748
96.8,0.566,5.7,2.6,PPh3,0.86,Water,95.0,1.349
97.9,0.523,7.3,6.8,PPh3,0.33,THF,95.0,2.727
82.5,0.755,5.4,4.4,Pd/C,0.97,MeOH,95.0,2.691
94.5,1.632,8.2,6.0,Pt/C,4.52,Toluene,95.0,2.287
65.4,1.953,2.9,0.9,None,0.0,DMF,79.88,4.992
61.6,1.011,6.1,0.5,Pt/C,0.75,DMF,95.0,3.039
83.9,0.66,7.5,0.8,DMAP,0.21,Water,95.0,1.459
38.7,0.612,7.3,7.6,DMAP,1.24,Water,91.59,1.68
106.3,1.785,7.2,1.3,DMP,3.59,MeOH,95.0,3.517
78.2,1.455,7.5,2.6,TEMPO,1.1,DMF,95.0,1.697
98.9,1.224,5.6,4.4,DMP,1.19,Water,95.0,4.381
95.6,1.089,7.3,0.5,DMP,0.36,MeOH,95.0,2.665
102.7,1.009,8.0,3.6,None,0.0,EtOAc,84.0,3.974
44.9,1.554,4.2,0.7,None,0.0,EtOH,66.68,3.917
61.0,0.975,3.4,0.5,PPh3,3.28,THF,95.0,1.158
60.5,0.744,6.8,4.2,DMAP,0.9,Water,95.0,1.176
35.2,0.615,12.0,10.9,PPh3,0.33,EtOH,88.18,1.809
88.8,1.384,7.9,4.1,TFA,0.7,EtOH,95.0,6.713
97.3,0.744,8.5,6.2,DMP,0.72,THF,95.0,2.427
65.2,0.819,3.9,3.8,TEMPO,0.77,EtOAc,95.0,3.149
84.0,1.347,6.4,2.1,TFA,1.76,Water,95.0,2.822
103.2,0.803,8.4,4.2,Pd/C,0.7,DMSO,95.0,1.85
82.4,1.274,4.6,2.1,TEMPO,3.71,EtOAc,95.0,3.065
104.6,1.48,8.6,9.4,Raney-Ni,3.18,EtOH,95.0,2.776
63.5,0.889,5.4,3.0,Pt/C,0.66,DMF,95.0,2.348
34.3,1.122,6.0,1.2,Raney-Ni,1.14,EtOAc,95.0,1.692
113.6,0.736,8.9,0.5,TEMPO,2.47,MeOH,95.0,2.695
108.7,0.733,8.8,0.5,PPh3,1.44,Toluene,95.0,2.928
70.7,0.624,7.3,1.0,TEMPO,1.59,EtOH,95.0,2.168
55.0,2.226,9.8,2.8,PPh3,1.41,DCM,81.69,5.079
109.5,0.39,6.5,2.1,PPh3,3.08,Water,95.0,1.45
75.8,3.0,5.0,7.3,Pd/C,0.56,DMSO,92.13,3.152
63.9,0.97,9.1,4.6,TFA,2.09,EtOAc,95.0,1.829
73.2,0.733,8.6,7.3,None,0.0,Toluene,95.0,7.197
96.4,0.624,6.9,0.5,Pt/C,0.1,EtOAc,95.0,2.683
45.0,0.574,6.8,11.6,DMP,2.46,MeOH,95.0,4.811
70.2,1.079,6.4,1.0,DMP,1.14,DMSO,95.0,6.279
114.4,0.992,6.5,2.6,DMP,0.34,EtOAc,95.0,3.686
61.7,1.102,6.3,10.9,PPh3,0.1,EtOH,95.0,2.245
71.2,0.788,6.3,6.4,Pd/C,1.1,Toluene,95.0,2.786
84.0,0.684,7.0,1.8,TEMPO,4.05,THF,95.0,2.967
101.3,0.852,8.0,2.8,DMP,0.29,Toluene,95.0,3.383
72.1,0.793,7.5,8.3,TEMPO,4.64,THF,95.0,1.843
46.7,1.309,7.5,11.7,Raney-Ni,1.74,EtOH,95.0,3.066
109.1,1.128,6.9,4.1,TFA,0.2,Water,95.0,6.676
77.9,0.548,6.0,5.0,DMAP,0.3,DMSO,95.0,1.293
47.3,2.409,7.9,0.6,PPh3,3.4,DCM,76.13,3.204
92.6,1.005,6.8,6.9,PPh3,1.46,Toluene,95.0,1.986
62.8,0.921,7.9,4.1,Pt/C,0.13,EtOAc,95.0,1.878
109.7,1.106,7.7,3.5,None,0.0,DCM,88.45,5.056
20.5,0.845,9.0,18.1,PPh3,0.18,EtOH,88.19,2.824
39.9,0.963,5.5,5.2,Pt/C,0.64,DMSO,95.0,1.93
113.1,1.068,3.9,4.4,Pd/C,0.77,MeOH,95.0,3.443
99.6,1.251,7.0,3.3,Pd/C,3.13,DMF,95.0,1.418
79.8,1.603,10.5,0.6,Pd/C,0.13,Water,89.98,4.297
95.6,3.0,9.5,0.8,None,0.0,Water,45.27,7.069
118.5,0.631,7.2,10.2,TFA,0.62,EtOAc,95.0,3.592
32.5,0.325,6.7,9.1,Pt/C,0.17,Toluene,95.0,4.18
54.9,0.616,3.0,5.3,DMAP,0.17,MeOH,84.43,1.649
139.6,2.632,9.3,5.7,PPh3,2.6,Toluene,84.16,4.767
66.2,2.052,5.3,4.1,Raney-Ni,2.07,EtOAc,95.0,5.201
69.1,1.462,9.3,3.0,DMAP,3.17,EtOAc,85.49,1.824
128.3,0.761,6.2,0.5,PPh3,2.16,Water,86.71,1.829
44.5,0.495,8.1,6.4,Pt/C,0.99,Toluene,95.0,2.503
65.2,0.477,7.6,0.5,Pt/C,0.1,EtOAc,95.0,2.531
25.6,1.922,6.1,1.1,PPh3,0.1,MeOH,79.07,1.521
95.7,0.997,9.9,2.3,DMAP,2.08,Water,95.0,1.412
113.9,0.919,8.1,1.8,DMAP,2.28,DCM,95.0,1.488
135.2,0.385,6.7,15.7,PPh3,0.56,Toluene,95.0,6.174
108.9,1.459,6.9,1.3,PPh3,5.21,Water,95.0,2.693
100.0,0.941,5.7,3.5,PPh3,0.63,Toluene,95.0,2.861
89.7,0.596,10.2,7.0,DMP,2.86,Toluene,95.0,4.11
109.0,0.474,12.0,0.6,Raney-Ni,0.31,DMF,95.0,2.031
98.1,2.055,4.7,0.9,PPh3,1.42,Toluene,95.0,1.545
46.5,0.856,7.5,2.5,None,0.0,DMSO,92.6,5.363
56.1,0.583,6.0,0.8,DMP,6.51,DMF,95.0,2.73
149.4,1.069,3.5,3.4,DMAP,0.54,DMF,64.64,2.123
65.2,0.591,3.8,4.5,PPh3,1.63,EtOH,95.0,4.735
65.7,2.701,7.2,0.7,DMAP,0.46,EtOH,65.0,5.525
76.6,0.676,4.9,6.6,DMP,0.97,Toluene,95.0,3.197
102.1,1.485,6.2,0.5,None,0.0,Toluene,92.04,4.704
69.8,0.663,4.0,8.0,PPh3,0.74,DMSO,95.0,2.968
67.1,1.607,4.9,6.7,DMP,0.8,DMF,95.0,4.896
67.0,0.748,4.8,6.3,DMAP,1.86,DCM,95.0,1.111
69.2,0.533,7.9,2.4,DMAP,0.97,MeOH,91.7,1.432
109.0,0.796,10.7,1.5,None,0.0,DCM,72.63,7.341
60.2,0.814,10.9,3.4,TFA,0.59,Water,95.0,4.132
78.5,0.872,7.1,1.7,Pt/C,0.21,DCM,95.0,1.579
96.9,0.414,3.8,1.3,Pd/C,0.1,DCM,95.0,2.023
31.3,0.608,2.8,3.9,PPh3,1.22,DCM,77.78,2.549
53.1,1.393,7.0,1.4,None,0.0,Water,77.08,2.49
100.6,1.879,5.9,1.2,Pd/C,4.58,DMF,95.0,1.351
94.7,1.461,8.4,1.1,TFA,3.92,DMSO,95.0,4.158
53.0,0.702,5.6,2.2,TFA,2.55,THF,94.12,3.117
108.6,0.663,5.0,0.9,Pt/C,0.42,THF,95.0,10.49
72.1,1.958,9.0,2.9,TEMPO,0.47,Toluene,95.0,2.91
104.8,1.133,3.9,2.7,PPh3,5.72,MeOH,95.0,2.157
101.7,0.656,7.5,0.6,TEMPO,1.01,DMSO,95.0,3.252
75.3,0.495,6.3,5.9,Pd/C,1.92,EtOAc,95.0,1.85
51.7,1.794,3.6,0.7,Raney-Ni,0.49,DMF,95.0,2.048
75.1,1.457,6.0,0.5,DMP,1.4,Water,95.0,4.274
86.3,0.415,6.8,0.5,TEMPO,2.99,THF,95.0,1.709
119.3,0.691,7.4,1.1,PPh3,1.8,Toluene,95.0,2.817
58.6,1.046,7.3,14.4,Pd/C,3.62,EtOAc,95.0,1.593
93.2,0.977,6.3,6.4,TFA,0.16,DMSO,95.0,3.477
104.6,0.634,5.9,0.7,Pt/C,1.4,DMF,95.0,3.543
116.1,1.459,8.8,0.5,DMP,0.71,EtOAc,95.0,3.246
64.7,1.618,8.6,3.3,None,0.0,DMF,83.67,4.319
59.7,1.362,7.3,0.5,None,0.0,DMSO,88.22,4.384
62.9,1.886,8.2,13.1,TEMPO,3.44,THF,95.0,2.723
60.9,0.397,8.6,2.4,DMAP,0.35,DCM,95.0,1.158
73.3,2.256,6.0,1.8,None,0.0,Water,63.91,3.663
61.3,0.437,3.0,6.0,TFA,2.6,Toluene,95.0,4.472
42.9,1.082,7.1,5.5,None,0.0,Water,67.95,3.184
24.3,2.094,6.4,6.2,DMAP,0.12,THF,77.07,2.303
119.6,1.695,6.4,4.0,DMP,5.36,DMF,93.17,4.999
38.2,1.969,4.0,1.3,DMP,0.58,EtOAc,72.55,3.947
70.5,1.06,7.3,0.5,None,0.0,DMSO,90.91,6.277
43.6,1.236,8.1,2.5,None,0.0,EtOAc,70.94,5.932
61.9,1.161,6.6,0.6,TFA,3.42,Water,84.18,2.311
60.0,1.672,7.3,6.3,Pt/C,0.11,DCM,95.0,2.347
66.9,1.205,4.3,0.9,Pd/C,1.91,DCM,95.0,1.572
66.2,1.056,4.0,0.5,TEMPO,0.3,DCM,93.68,1.704
66.5,1.808,6.4,3.2,Pd/C,1.98,MeOH,95.0,2.302
21.7,1.358,8.4,0.5,DMP,1.67,Toluene,95.0,2.47
133.0,2.736,5.9,21.6,Pt/C,0.1,DMF,92.89,6.601
47.7,1.13,5.7,4.0,None,0.0,EtOH,80.84,3.809
143.0,0.897,7.6,3.7,Raney-Ni,0.73,DMF,95.0,4.884
107.7,0.773,4.9,0.5,Pd/C,1.24,MeOH,95.0,2.175
52.6,1.243,5.7,6.8,TFA,0.69,DCM,95.0,1.375
96.6,1.847,6.9,0.5,PPh3,5.41,Toluene,95.0,4.364
39.5,0.433,4.8,4.3,PPh3,2.05,THF,95.0,2.335
76.0,0.736,6.0,3.3,DMP,0.1,MeOH,91.38,3.913
84.9,2.128,7.7,0.5,None,0.0,Water,64.98,4.615
83.6,1.242,7.5,3.9,Pt/C,0.59,EtOH,95.0,2.531
95.8,1.186,4.7,1.5,Pd/C,0.11,DMF,95.0,3.828
85.0,0.569,6.9,5.4,DMAP,0.24,EtOAc,95.0,1.142
79.3,1.088,7.7,3.4,PPh3,0.35,EtOAc,95.0,4.159
86.3,1.135,8.1,4.6,DMAP,0.45,THF,95.0,1.777
136.4,1.552,5.9,10.8,None,0.0,THF,88.86,6.601
75.3,2.182,9.3,3.1,TFA,3.13,DMF,93.24,5.167
79.0,0.804,7.2,2.0,TEMPO,1.17,MeOH,95.0,6.244
81.2,0.764,3.8,4.1,DMP,3.04,Toluene,95.0,2.472
83.6,1.129,9.5,13.5,None,0.0,Toluene,83.94,3.606
64.1,0.446,8.4,0.8,DMP,0.87,DMSO,95.0,1.706
106.7,1.578,10.9,3.1,DMP,1.82,DMF,95.0,4.327
53.6,0.813,5.4,5.3,DMP,1.08,Water,89.17,5.412
112.2,1.328,3.7,1.8,None,0.0,EtOH,80.85,4.576
20.0,0.717,5.5,3.1,Pt/C,0.77,DCM,91.6,1.428
88.6,1.262,5.5,4.3,Pd/C,1.7,Water,95.0,1.884
103.4,0.825,7.9,9.3,TEMPO,0.56,Water,95.0,2.52
119.1,1.284,5.5,3.4,PPh3,2.51,Water,95.0,5.712
83.7,0.627,6.3,1.6,DMAP,3.45,EtOAc,95.0,0.793
85.1,1.494,6.1,1.8,PPh3,3.2,Water,95.0,7.332
77.9,0.432,8.2,0.5,Pd/C,1.21,Toluene,95.0,1.152
52.7,0.615,6.2,1.0,Pd/C,0.21,MeOH,95.0,3.228
96.8,1.736,3.6,7.9,TEMPO,7.07,EtOAc,95.0,4.419
64.1,0.618,2.2,4.4,DMP,1.98,EtOAc,92.08,2.398
42.9,0.626,7.2,2.8,TFA,1.66,Toluene,87.98,2.855
66.8,1.712,12.0,2.7,TFA,0.18,Toluene,89.27,4.947
82.9,1.043,3.5,5.2,Pt/C,0.85,EtOAc,95.0,2.788
97.9,0.966,7.2,1.8,TFA,0.69,DCM,95.0,2.653
103.7,2.056,4.1,2.4,DMAP,3.64,DMF,95.0,1.347
76.7,0.744,9.4,3.1,Raney-Ni,1.28,EtOAc,92.9,2.316
119.8,0.793,7.9,1.3,Pt/C,1.09,EtOH,88.8,1.807
42.0,1.093,5.7,0.9,TFA,0.1,EtOAc,78.51,2.966
84.6,1.184,10.2,0.6,None,0.0,DMSO,87.12,6.785
79.6,1.446,6.8,3.2,Pt/C,9.07,DCM,95.0,1.287
75.8,1.67,4.5,2.7,Raney-Ni,5.07,DMF,95.0,3.549
61.1,1.178,6.8,12.1,DMP,2.11,MeOH,95.0,4.107
113.7,0.554,8.4,0.5,None,0.0,MeOH,81.41,3.219
70.1,0.834,8.4,10.5,DMAP,3.3,Water,95.0,1.984
93.5,0.308,9.4,1.8,Pd/C,1.36,EtOAc,95.0,2.676
85.5,0.488,8.0,5.1,DMP,0.35,DCM,95.0,4.055
76.5,0.781,11.2,1.4,None,0.0,DMSO,83.47,4.801
55.6,0.441,8.2,1.6,DMAP,0.63,DMSO,92.45,1.283
95.3,1.386,5.6,23.7,Pd/C,0.13,THF,95.0,3.401
52.8,1.222,7.9,5.5,DMAP,1.5,Water,91.26,1.364
74.2,0.899,4.0,2.3,TEMPO,2.09,DCM,95.0,2.399
31.5,1.347,3.4,0.5,None,0.0,DMF,66.7,4.209
47.8,1.261,8.5,0.9,TFA,1.65,MeOH,81.69,1.975
43.4,1.556,4.9,1.8,None,0.0,DMSO,85.5,5.08
69.1,0.67,7.9,0.5,TFA,0.1,DMF,95.0,3.617
99.3,2.156,6.8,6.6,Raney-Ni,0.6,Water,95.0,2.955
88.1,1.438,7.3,0.5,TFA,1.62,DMF,95.0,3.696
102.2,1.57,8.9,3.5,TFA,2.76,DMSO,95.0,3.899
76.1,1.034,8.9,0.7,Pt/C,1.04,DMF,95.0,2.935
58.4,1.095,8.2,1.7,TEMPO,0.12,DMF,95.0,3.439
73.7,1.042,9.5,2.0,Raney-Ni,2.76,MeOH,95.0,3.928
104.6,0.559,9.1,5.0,DMP,7.73,EtOH,95.0,5.443
102.0,0.901,6.8,1.8,DMAP,1.37,Water,95.0,0.974
81.1,0.831,7.4,19.8,PPh3,1.1,DMF,95.0,3.116
67.9,1.217,9.3,1.5,Raney-Ni,3.26,THF,95.0,1.541
86.9,0.748,1.2,2.3,Pd/C,1.18,Water,95.0,2.013
68.0,0.826,5.1,0.5,TEMPO,1.72,MeOH,95.0,3.279
107.4,0.445,5.1,0.8,Pd/C,1.33,EtOH,95.0,1.057
109.0,1.779,8.5,1.2,Raney-Ni,2.72,THF,95.0,2.09
35.8,2.043,4.3,0.5,None,0.0,DCM,53.48,7.377
84.4,0.892,3.2,5.4,TEMPO,3.03,EtOAc,95.0,2.496
28.5,0.648,8.3,4.2,Pt/C,0.19,Water,95.0,1.93
88.8,2.181,8.8,0.8,PPh3,2.57,EtOAc,77.58,2.486
118.1,2.175,8.8,5.9,Pt/C,3.02,EtOAc,86.14,1.785
55.5,0.968,6.8,5.3,DMP,0.21,THF,95.0,3.802
64.7,2.115,7.4,1.6,TFA,1.28,MeOH,80.15,3.883
60.1,0.786,11.0,1.7,Pt/C,3.07,EtOH,77.25,2.737
62.8,0.858,5.8,14.9,PPh3,0.61,Toluene,95.0,3.369
93.7,0.715,5.3,7.7,DMP,1.18,EtOAc,95.0,3.604
105.0,0.837,8.1,2.8,PPh3,13.63,EtOH,95.0,2.94
66.0,1.044,5.8,10.1,Raney-Ni,4.05,THF,95.0,2.667
82.1,0.61,8.4,2.5,Pd/C,1.61,DMSO,95.0,3.637
74.3,0.729,9.2,0.5,Raney-Ni,0.4,EtOAc,95.0,2.472
88.6,1.459,4.7,6.8,DMAP,0.89,EtOH,95.0,1.917
51.6,0.747,6.6,4.0,DMAP,0.1,DCM,95.0,2.106
106.8,1.125,6.4,2.7,DMAP,4.02,DMSO,95.0,2.284
55.3,0.73,8.1,2.8,PPh3,1.08,Water,95.0,3.69
49.1,0.642,6.4,4.9,Raney-Ni,1.36,MeOH,95.0,2.739
53.0,0.621,11.0,10.6,PPh3,0.99,DCM,95.0,3.722
92.6,1.017,8.2,7.1,DMP,0.57,DMSO,95.0,3.383
99.1,0.907,6.7,0.5,Pt/C,3.61,EtOH,95.0,2.259
90.7,0.806,6.8,0.5,DMP,1.01,DMF,95.0,3.962
63.9,0.406,5.1,1.4,DMP,1.8,Toluene,95.0,3.76
78.0,1.863,8.0,1.9,DMP,9.47,Water,88.15,3.377
75.8,1.138,7.5,0.5,Raney-Ni,1.1,THF,95.0,2.104
76.5,2.417,8.3,3.1,PPh3,7.47,DMSO,89.03,3.844
52.3,0.95,10.8,3.4,Pd/C,0.98,MeOH,85.05,2.191
52.0,2.074,8.6,0.5,Raney-Ni,4.91,THF,87.01,2.299
85.5,1.612,6.1,6.1,TEMPO,0.7,Water,95.0,2.506
90.8,0.933,9.1,5.7,PPh3,1.31,EtOH,95.0,2.88
117.5,0.624,6.3,15.8,PPh3,3.49,THF,95.0,2.984
57.2,0.53,8.4,13.4,None,0.0,EtOAc,77.57,5.228
73.3,0.725,3.9,0.6,Pd/C,0.45,MeOH,95.0,4.708
106.2,0.746,8.2,2.4,DMP,6.59,DCM,95.0,2.316
55.2,0.83,8.3,2.1,Pd/C,5.21,DCM,90.27,2.912
20.0,1.645,5.6,12.6,Pd/C,0.26,DMSO,95.0,3.302
97.4,1.008,4.2,1.6,DMAP,0.87,Water,92.06,2.358
118.4,0.755,6.7,0.9,DMAP,0.89,DMF,95.0,1.071
111.2,1.284,4.8,6.8,DMP,0.13,EtOAc,94.02,4.302
107.4,1.572,7.5,1.1,DMAP,0.2,Toluene,95.0,2.299
73.7,0.426,7.5,1.0,TEMPO,0.14,EtOH,95.0,3.775
113.7,1.206,6.9,16.7,DMAP,3.79,Water,95.0,1.92
78.9,1.535,8.4,5.5,None,0.0,EtOAc,94.35,5.794
68.0,1.085,8.1,0.7,DMAP,3.45,DCM,95.0,0.72
64.6,1.7,4.2,2.8,TFA,2.26,DMSO,89.2,3.954
118.5,1.237,5.9,4.1,Pt/C,3.81,EtOAc,95.0,1.589
94.2,1.587,7.2,13.9,Pt/C,1.99,DMSO,95.0,2.646
151.8,2.439,8.1,12.9,TFA,0.32,MeOH,79.68,5.946
78.9,1.807,7.7,2.3,None,0.0,DMF,87.57,4.435
43.0,0.774,5.2,1.5,TFA,0.1,Toluene,77.92,3.092
132.0,1.107,5.8,2.8,None,0.0,Toluene,76.07,6.804
75.4,0.531,4.7,7.9,DMAP,2.37,Toluene,95.0,1.538
72.9,0.808,6.4,0.5,None,0.0,MeOH,86.55,3.063
106.4,2.1,8.3,2.3,PPh3,0.26,EtOH,95.0,2.64
93.7,1.551,4.0,3.5,DMAP,0.23,EtOAc,90.14,2.055
88.3,0.608,3.2,0.5,Raney-Ni,2.96,EtOH,95.0,2.169
88.9,2.522,7.9,3.6,Pd/C,1.17,EtOH,79.65,3.446
122.6,1.786,6.2,24.0,Pt/C,3.16,DMF,95.0,2.896
75.0,1.942,7.6,0.5,Pd/C,3.8,Water,95.0,1.995
96.8,0.575,8.3,3.9,DMP,0.43,EtOH,95.0,3.69
115.3,0.553,6.8,5.0,PPh3,2.21,Toluene,95.0,2.264
60.6,1.792,5.0,1.7,TEMPO,2.2,MeOH,86.2,4.281
69.2,0.579,5.7,5.7,PPh3,1.04,Toluene,95.0,1.769
89.9,1.481,5.1,6.8,Pt/C,0.98,DMSO,95.0,1.865
64.1,0.567,6.6,3.6,TEMPO,3.66,THF,95.0,2.285
50.1,0.633,6.3,1.1,Pd/C,2.46,EtOH,95.0,3.869
177.6,3.0,6.6,1.6,None,0.0,THF,51.8,7.706
95.4,1.285,7.6,2.3,TEMPO,0.41,EtOAc,95.0,3.949
69.9,1.368,9.3,1.6,Raney-Ni,0.9,Water,93.19,5.27
82.3,0.673,2.6,3.4,Pt/C,2.82,Toluene,95.0,2.497
48.7,1.722,10.9,5.6,DMAP,0.5,THF,83.61,2.13
53.0,1.139,8.8,5.2,PPh3,0.66,Toluene,93.1,2.059
89.5,1.243,7.5,1.2,PPh3,3.13,DMSO,95.0,3.403
56.1,0.765,9.4,5.6,Pd/C,1.38,EtOAc,95.0,3.109
66.1,1.492,8.8,2.6,None,0.0,EtOH,90.44,5.072
135.6,1.955,4.5,2.3,TEMPO,2.07,THF,95.0,5.029
73.4,1.054,5.9,0.5,TEMPO,2.16,EtOAc,95.0,3.613
67.6,1.043,6.8,1.2,None,0.0,EtOAc,82.05,5.681
109.3,1.071,8.2,3.7,DMAP,1.92,THF,95.0,1.138
50.1,1.233,11.0,3.3,Pt/C,1.57,DMSO,95.0,1.992
106.7,1.899,7.0,5.4,TFA,3.02,EtOAc,95.0,3.234
49.0,0.696,4.8,4.0,DMP,0.94,DMSO,95.0,2.276
69.3,0.585,10.9,1.6,TFA,5.55,Toluene,95.0,3.516
126.4,0.485,10.6,0.5,DMP,0.76,EtOAc,85.85,3.6
52.1,1.13,6.5,0.5,DMP,2.9,Water,76.7,6.34
101.0,0.436,8.2,2.2,DMAP,0.1,MeOH,95.0,2.189
82.3,0.404,10.1,6.0,PPh3,0.7,EtOH,95.0,4.4
73.7,0.703,4.8,5.1,DMAP,2.06,DCM,95.0,0.731
92.7,1.27,6.1,3.5,TFA,0.99,THF,95.0,3.581
121.6,1.763,5.1,1.1,TEMPO,4.39,THF,95.0,2.887
77.3,1.329,6.7,8.1,Pt/C,2.75,MeOH,95.0,1.869
105.3,0.861,7.4,4.2,None,0.0,Toluene,95.0,6.502
64.8,0.662,7.1,0.6,None,0.0,DMSO,76.55,3.774
86.2,0.779,8.6,2.6,DMAP,0.37,EtOAc,95.0,1.568
94.2,2.451,5.7,6.7,None,0.0,THF,77.54,5.708
69.6,1.232,9.3,1.7,Raney-Ni,1.78,Toluene,95.0,3.595
83.1,0.471,8.6,1.9,None,0.0,Toluene,95.0,3.166
89.8,1.554,5.5,1.6,Raney-Ni,4.04,Toluene,95.0,3.12
52.3,1.012,7.5,10.3,TFA,0.41,Toluene,95.0,3.547
74.2,1.704,5.2,1.6,TEMPO,3.36,DCM,95.0,1.878
62.0,1.168,1.2,1.0,DMAP,3.19,EtOAc,81.89,1.362
71.7,0.95,8.5,6.4,DMP,0.68,DCM,95.0,5.559
102.9,1.559,8.6,0.5,None,0.0,DCM,91.84,4.487
81.5,0.404,6.1,1.2,PPh3,0.65,DCM,95.0,3.911
70.0,1.284,7.1,8.8,TFA,0.24,Toluene,95.0,1.762
103.0,1.495,10.4,0.9,None,0.0,THF,76.78,3.296
101.2,0.482,7.0,0.5,None,0.0,DMF,95.0,3.819
110.8,0.987,9.1,0.7,DMAP,0.15,EtOAc,95.0,1.742
75.3,0.846,9.2,0.5,DMP,0.62,EtOAc,95.0,3.265
86.2,0.201,8.6,12.0,Pd/C,12.9,DMSO,95.0,2.104
77.5,1.523,6.4,2.0,TFA,1.73,EtOH,95.0,3.235
83.4,0.862,6.4,3.8,DMP,0.24,EtOAc,95.0,4.044
87.5,0.86,4.4,2.9,TEMPO,2.6,THF,95.0,4.954
61.0,1.097,6.8,4.5,DMAP,1.37,Toluene,95.0,1.322
74.3,0.584,6.0,1.1,PPh3,4.76,Toluene,95.0,1.317
94.9,2.076,4.8,3.6,Raney-Ni,0.1,DMSO,95.0,2.05
58.6,0.433,6.0,6.7,None,0.0,DCM,95.0,3.001
56.1,1.621,9.1,4.8,Pd/C,1.25,THF,95.0,4.137
85.9,1.351,9.0,2.7,PPh3,8.26,DMSO,95.0,4.205
110.5,2.344,6.2,7.8,None,0.0,DMF,85.99,4.305
76.1,0.86,5.5,2.2,Pt/C,0.36,MeOH,95.0,1.926
85.3,2.403,7.3,5.2,PPh3,1.04,DMF,95.0,2.432
91.9,1.655,3.8,10.2,DMP,1.16,DMSO,95.0,4.652
74.8,0.976,6.7,2.1,TEMPO,1.5,Toluene,95.0,2.418
78.6,0.925,5.9,3.8,Pd/C,2.45,EtOH,95.0,3.718
56.5,1.122,6.5,4.5,PPh3,0.19,MeOH,93.39,1.181
90.9,1.317,8.8,4.9,DMP,7.8,Water,95.0,2.287
75.8,0.937,8.9,4.2,Pd/C,3.11,EtOAc,95.0,1.406
107.0,0.609,4.9,0.5,Pt/C,3.7,Toluene,95.0,2.477
95.2,0.69,6.8,0.5,TFA,2.06,DMF,95.0,3.516
53.9,0.937,8.5,1.9,DMAP,5.23,THF,95.0,0.933
55.3,1.012,9.6,1.9,Raney-Ni,0.83,Water,89.2,2.643
37.8,0.448,6.5,4.1,TFA,1.4,THF,95.0,2.44
63.2,0.935,9.1,5.1,DMAP,1.31,EtOAc,95.0,1.72
105.5,1.638,8.5,0.5,None,0.0,DMSO,82.17,4.508
93.9,0.518,6.3,1.2,None,0.0,DCM,95.0,3.292
54.9,1.425,6.2,8.6,PPh3,5.41,EtOAc,95.0,4.182
104.6,0.493,7.5,0.5,Raney-Ni,0.74,Water,95.0,3.972
87.4,1.207,7.3,9.1,Pd/C,0.41,MeOH,95.0,2.093
93.9,0.426,5.4,5.0,TEMPO,0.31,DCM,95.0,2.717
96.3,0.775,6.3,1.9,TEMPO,0.7,DCM,95.0,3.4
60.3,1.013,10.5,0.5,DMAP,0.43,DCM,84.38,0.979
97.1,0.533,5.8,4.6,TFA,2.31,EtOAc,95.0,3.18
48.7,0.615,9.3,1.1,None,0.0,THF,70.1,2.418
58.9,1.668,6.3,1.4,None,0.0,EtOAc,80.96,3.056
72.4,1.15,8.2,6.8,TEMPO,0.97,DMF,95.0,3.293
64.9,2.001,9.8,0.5,Raney-Ni,1.57,EtOH,88.66,5.22
84.1,2.092,6.2,0.5,Pd/C,4.14,DMSO,95.0,1.952
60.8,0.715,6.8,2.2,TEMPO,0.5,EtOAc,95.0,1.077
86.9,3.0,9.5,2.8,Pt/C,1.63,EtOH,74.78,1.935
62.6,0.975,6.1,3.8,DMP,2.05,THF,95.0,2.011
39.9,0.634,5.1,1.4,DMP,3.33,THF,88.83,4.228
69.1,1.57,6.4,1.3,Raney-Ni,1.97,EtOH,95.0,1.414
73.7,0.45,9.6,0.6,TFA,0.72,DMF,90.44,3.895
123.6,1.656,8.0,0.5,DMAP,2.37,THF,95.0,2.559
69.5,0.973,5.4,2.7,PPh3,0.23,THF,95.0,9.364
48.2,1.027,4.0,4.0,Raney-Ni,3.09,Toluene,95.0,1.834
105.1,1.517,6.7,1.4,TFA,3.41,DMF,95.0,3.116
84.4,0.616,5.9,2.2,TFA,0.1,DMF,95.0,4.268
82.0,1.641,8.1,3.3,TEMPO,0.72,Water,89.43,1.846
119.6,1.477,6.1,9.6,Pd/C,0.63,DMF,95.0,2.436
61.9,1.646,3.8,2.2,TFA,2.55,THF,95.0,3.317
49.5,3.0,10.3,1.1,PPh3,0.81,EtOH,60.83,4.934
49.5,1.73,10.4,1.1,DMAP,3.37,THF,72.79,1.547
64.9,1.54,5.3,4.2,DMAP,1.19,Toluene,95.0,1.314
74.8,1.574,4.6,0.6,TEMPO,8.65,MeOH,95.0,2.896
108.4,1.517,4.5,3.8,Pd/C,2.39,DMF,95.0,2.626
62.8,2.248,9.0,0.5,Raney-Ni,0.42,Water,87.75,2.483
56.7,1.838,9.4,0.5,PPh3,0.59,MeOH,92.78,2.405
55.0,0.761,3.1,2.9,PPh3,2.35,Water,92.2,2.247
109.1,1.089,8.6,0.6,DMAP,0.19,Water,93.24,0.763
84.5,1.601,1.0,3.9,DMP,1.68,Water,82.6,3.529
124.8,1.293,5.9,2.6,DMP,1.41,EtOAc,91.8,3.325
86.4,1.097,7.1,1.6,TEMPO,0.95,EtOAc,95.0,5.042
97.4,0.65,7.6,5.7,DMAP,2.58,Water,95.0,1.16
73.7,1.126,8.0,7.4,Pd/C,0.31,Water,95.0,2.491
101.9,0.908,6.2,6.1,TFA,1.99,THF,95.0,2.391
92.8,0.926,12.0,8.5,None,0.0,Toluene,86.84,5.975
78.9,0.991,4.0,2.9,PPh3,1.12,EtOH,95.0,1.929
124.4,1.826,6.0,0.9,TEMPO,1.24,DCM,88.14,3.189
103.6,0.843,6.6,1.6,PPh3,0.42,DMF,95.0,2.831
72.5,0.822,7.2,1.6,Raney-Ni,0.79,DMSO,95.0,2.181
105.6,0.581,6.0,1.1,DMAP,1.96,THF,95.0,0.761
79.0,1.88,3.0,0.6,DMP,0.78,EtOH,95.0,3.219
63.3,0.495,6.2,4.6,Pd/C,0.81,Toluene,95.0,2.041
119.5,2.341,9.8,2.2,TFA,1.46,Water,64.15,2.743
58.2,0.828,4.3,0.5,None,0.0,THF,80.84,4.989
78.0,0.725,8.6,16.1,DMP,5.75,EtOAc,95.0,2.76
69.3,0.825,7.2,4.1,PPh3,1.76,MeOH,95.0,1.745
74.6,0.541,7.9,0.6,Raney-Ni,1.21,MeOH,95.0,3.412
66.0,0.897,7.1,2.7,PPh3,7.54,MeOH,95.0,0.783
85.4,1.314,7.2,1.1,TFA,0.65,DMSO,95.0,2.733
99.7,0.28,8.3,7.3,TEMPO,3.23,Toluene,95.0,2.455
106.6,1.929,2.8,7.6,PPh3,1.09,MeOH,95.0,5.396
107.9,0.823,7.0,5.2,TEMPO,0.75,DMSO,95.0,5.257
73.7,1.081,2.0,1.6,Pd/C,1.11,DCM,94.86,3.302
73.6,2.199,6.7,4.2,PPh3,0.15,MeOH,91.48,2.342
76.6,0.515,4.0,10.1,TEMPO,2.17,MeOH,95.0,2.579
81.4,0.621,5.5,10.0,DMP,0.65,MeOH,95.0,3.053
117.5,1.093,6.6,0.9,None,0.0,EtOH,87.89,8.189
57.5,1.29,9.6,2.7,TEMPO,1.42,DMF,95.0,2.189
76.4,1.194,7.5,6.0,None,0.0,Toluene,95.0,6.439
82.5,0.901,7.3,4.4,TEMPO,8.01,EtOH,95.0,3.149
72.6,3.0,7.9,1.3,TEMPO,0.93,DMSO,76.81,3.458
67.8,2.906,4.3,7.3,Pd/C,3.55,Water,89.87,4.113
57.2,1.218,6.5,7.7,None,0.0,Water,79.84,6.929
44.1,1.976,5.4,1.6,DMAP,1.31,Water,87.48,2.435
75.0,1.154,4.5,1.9,DMP,0.29,Toluene,95.0,2.553
114.2,0.701,9.4,3.0,TEMPO,0.6,Water,91.09,4.266
91.9,0.8,7.1,3.0,DMAP,3.21,DCM,95.0,1.55
60.6,1.678,7.0,2.9,TFA,1.01,Water,93.94,3.905
49.3,0.901,4.9,0.5,Raney-Ni,0.15,DMF,94.8,1.525
85.4,0.491,7.8,6.0,TEMPO,0.9,MeOH,95.0,2.708
88.3,1.039,7.1,4.6,DMAP,0.62,DCM,95.0,1.997
84.0,0.681,7.1,1.7,DMAP,1.41,Toluene,95.0,1.454
35.1,1.304,8.1,1.1,DMP,1.72,Toluene,78.23,3.603
71.4,1.418,3.7,16.7,None,0.0,DCM,90.07,3.922
91.9,0.94,4.2,4.0,Pt/C,1.8,EtOAc,95.0,2.703
67.5,0.823,2.1,1.8,PPh3,2.74,DCM,91.91,5.573
61.9,1.247,8.0,1.3,Pt/C,0.76,DMF,95.0,1.787
98.8,2.59,8.4,1.8,Pd/C,4.08,Water,79.59,4.62
111.0,0.626,7.3,0.5,TEMPO,0.16,Toluene,95.0,3.351
73.3,1.223,7.5,15.1,DMP,0.62,MeOH,95.0,5.751
115.1,2.299,7.8,3.7,DMAP,1.78,MeOH,80.65,1.555
64.0,0.914,5.5,1.3,DMAP,1.59,EtOAc,95.0,2.598
94.6,1.215,5.1,0.8,None,0.0,DMSO,95.0,3.797
74.7,0.947,5.0,3.7,TFA,3.21,DMF,95.0,3.304
73.4,0.568,7.9,2.7,TFA,1.47,DMF,95.0,3.063
121.4,2.716,5.8,9.1,Pd/C,2.39,EtOH,88.66,3.396
104.2,1.689,8.0,1.7,TEMPO,7.77,DMF,95.0,4.275
83.8,0.706,8.6,2.5,PPh3,0.1,Toluene,95.0,1.077
92.2,1.047,9.1,1.2,TFA,0.28,Toluene,95.0,2.494
77.6,2.692,4.6,0.5,Pd/C,3.42,EtOH,95.0,2.891
69.2,0.838,5.5,1.1,Raney-Ni,0.65,DMF,95.0,2.514
132.8,0.807,11.6,3.2,TFA,1.07,Toluene,91.49,3.325
64.9,1.068,7.6,0.5,TFA,2.8,THF,95.0,2.059
120.5,0.844,11.3,2.5,DMAP,2.19,DCM,95.0,3.771
92.8,0.382,5.8,9.7,Pt/C,2.23,DCM,95.0,4.206
104.6,0.889,7.9,1.0,None,0.0,DMF,95.0,4.379
90.7,1.244,8.9,3.2,None,0.0,DMSO,95.0,4.356
68.6,0.678,5.9,4.8,TEMPO,0.53,Toluene,95.0,1.731
83.8,1.08,9.0,0.9,DMP,0.73,Water,95.0,4.168
35.5,0.574,8.8,3.6,DMAP,0.96,MeOH,76.08,0.724
23.7,0.783,8.3,5.7,Pd/C,0.68,DMF,95.0,1.503
60.1,0.514,6.6,2.5,Pt/C,1.17,Water,95.0,2.992
95.2,0.779,5.3,0.5,TFA,1.51,DMF,95.0,1.749
34.2,0.895,10.2,2.2,Pd/C,1.1,Water,81.67,3.802
100.3,1.247,9.2,2.1,None,0.0,DCM,91.54,4.454
61.9,0.766,7.0,5.4,TEMPO,0.86,Water,91.48,2.952
78.4,1.473,7.0,6.3,Raney-Ni,6.78,DMF,95.0,5.526
100.8,0.507,8.1,7.4,TEMPO,4.54,DMSO,95.0,3.784
129.2,1.142,8.0,0.5,Raney-Ni,1.88,DMSO,95.0,2.716
81.3,0.927,6.7,3.8,Pt/C,0.79,MeOH,95.0,3.012
88.2,1.06,8.8,5.2,TEMPO,1.52,Water,95.0,6.045
39.3,1.88,7.9,8.5,Raney-Ni,2.17,Toluene,84.02,2.128
104.9,0.832,5.3,9.5,TEMPO,2.74,Water,95.0,4.397
131.5,1.007,8.1,0.5,PPh3,5.76,DMSO,95.0,3.247
95.4,0.309,8.9,2.7,Pt/C,0.69,Water,95.0,2.817
73.3,3.0,9.5,3.1,TFA,2.27,DCM,62.51,3.356
97.5,1.335,8.8,2.6,Raney-Ni,1.52,MeOH,95.0,1.993
65.4,0.902,7.8,3.4,DMAP,0.81,MeOH,95.0,2.948
77.5,0.741,5.4,3.5,Pt/C,0.97,DMSO,95.0,3.626
79.0,0.874,3.8,1.2,DMP,2.28,EtOH,95.0,1.855
56.8,0.807,9.9,0.6,PPh3,0.76,MeOH,95.0,2.884
78.6,0.985,4.6,11.9,TFA,1.12,DCM,95.0,2.414
56.2,0.531,4.4,6.6,PPh3,1.31,DCM,95.0,6.583
110.3,1.312,7.2,5.6,DMP,1.36,DCM,95.0,3.506
106.0,1.01,7.2,2.6,DMAP,0.73,Water,95.0,2.18
