temperature_C,concentration_M,residence_time_min,pH,equiv_oxidant,stirring_rpm,catalyst,solvent,yield_pct,impurity_pct
101.92,1.176,36.19,3.94,1.09,655,None,DMF,99.66,25.7
75.11,1.147,47.74,2.61,0.52,319,A,MeCN,100.0,22.6
108.69,1.674,45.43,5.76,0.12,769,A,THF,100.0,29.23
95.79,1.45,53.66,3.37,1.16,356,A,DMF,100.0,30.03
47.53,0.15,48.54,9.45,2.04,261,C,DMF,86.89,32.02
118.05,0.194,15.59,1.53,1.82,699,None,IPA,93.77,26.95
100.89,1.243,33.8,2.72,1.02,855,B,THF,100.0,25.13
102.89,1.024,18.55,3.6,1.49,1054,C,IPA,100.0,24.18
50.25,0.594,20.46,3.19,1.09,983,C,MeCN,100.0,16.4
76.03,0.895,55.98,3.42,1.45,1057,B,MeCN,100.0,27.04
69.66,1.54,41.23,7.08,1.29,960,C,THF,100.0,17.56
114.14,1.671,58.5,4.28,1.7,903,A,THF,100.0,32.6
91.51,1.166,25.6,6.73,1.27,210,B,THF,100.0,19.19
105.82,0.832,32.71,9.07,2.35,826,B,DMF,100.0,31.6
75.47,0.614,29.74,6.62,1.07,320,None,THF,100.0,12.63
58.18,1.092,7.33,7.4,0.04,259,None,IPA,95.57,19.4
84.37,0.698,14.97,4.61,0.59,356,C,IPA,100.0,10.76
45.11,1.172,32.13,2.86,1.25,1023,None,DMF,82.15,22.41
106.21,1.386,4.98,4.22,1.35,944,A,DMF,100.0,24.67
90.53,0.226,55.96,9.7,1.38,1149,B,MeCN,100.0,30.7
100.65,0.102,8.31,6.79,1.79,1179,B,DMF,100.0,25.43
68.36,0.503,12.68,3.86,0.69,1093,B,MeCN,100.0,12.17
117.66,1.8,46.15,5.33,1.66,333,C,DMF,98.42,31.71
111.45,1.328,6.72,8.6,1.76,1078,C,THF,100.0,30.12
102.27,0.427,54.12,7.18,1.03,1039,C,THF,100.0,30.82
55.57,1.792,43.82,6.27,1.01,1071,B,THF,96.23,19.79
77.34,0.993,5.05,9.02,0.45,352,C,THF,100.0,21.01
43.5,1.005,41.82,7.22,1.03,317,B,IPA,100.0,18.02
52.34,1.878,38.27,6.96,1.97,1124,B,DMF,83.5,23.85
94.64,0.213,45.68,3.11,2.27,374,C,THF,100.0,29.64
99.58,0.509,49.86,2.4,1.48,569,C,THF,100.0,32.21
117.4,1.213,43.38,9.7,0.75,656,None,IPA,99.95,30.21
66.07,0.471,35.58,6.59,1.71,324,C,MeCN,100.0,17.43
69.64,1.391,20.03,5.03,1.85,221,B,THF,100.0,16.44
77.56,0.507,42.14,6.51,0.83,1194,C,IPA,100.0,15.33
55.16,0.288,57.46,2.03,2.07,1077,B,THF,89.96,33.16
50.39,0.493,35.66,8.49,0.18,1112,C,IPA,100.0,19.89
78.06,0.903,40.2,3.34,0.03,485,A,DMF,100.0,18.0
58.15,0.435,26.79,8.34,0.31,420,None,THF,91.19,19.83
93.59,0.356,45.61,6.04,0.39,626,None,IPA,100.0,23.98
74.97,1.735,59.86,3.85,2.2,653,A,THF,100.0,27.17
106.61,0.709,10.46,1.76,1.06,206,None,THF,98.52,26.18
96.02,0.785,12.94,8.43,0.69,979,A,THF,100.0,19.94
64.99,0.205,32.83,3.0,1.07,1197,None,THF,87.62,20.02
106.58,0.779,29.4,1.94,0.99,729,None,DMF,100.0,25.69
104.38,0.603,34.72,7.92,0.75,588,B,IPA,100.0,28.56
71.0,1.26,3.9,4.48,0.34,593,C,IPA,100.0,12.88
63.07,0.49,24.85,4.81,1.64,296,None,IPA,98.71,16.65
94.6,1.788,35.4,3.6,0.34,466,B,THF,100.0,21.03
51.18,1.866,35.53,8.8,1.94,702,B,DMF,88.64,26.68
55.99,0.29,39.78,4.03,0.5,632,B,THF,93.9,18.5
40.59,0.304,43.49,3.29,1.83,745,None,MeCN,86.58,26.19
102.95,0.319,38.85,4.13,2.01,1049,B,DMF,100.0,28.76
93.19,1.277,47.62,3.23,0.31,425,None,DMF,99.53,30.4
96.41,0.332,37.86,4.2,0.22,228,None,IPA,100.0,24.06
102.46,1.72,32.71,2.2,2.37,238,A,MeCN,100.0,35.05
76.71,1.533,36.77,2.85,1.16,334,C,IPA,100.0,23.82
85.5,1.658,6.97,5.04,1.58,770,None,DMF,99.54,17.08
51.18,1.1,17.12,8.98,0.06,1008,C,THF,100.0,20.51
49.16,1.994,32.12,1.99,0.7,1087,C,MeCN,98.61,20.18
93.47,0.184,52.51,3.31,1.26,835,C,MeCN,100.0,31.76
77.69,0.862,41.06,9.22,2.22,603,A,DMF,100.0,27.7
85.22,0.715,6.33,9.07,0.68,355,None,IPA,100.0,19.55
101.2,1.902,35.94,7.28,1.94,601,None,THF,95.04,29.02
90.78,1.196,14.08,3.54,1.66,532,C,IPA,100.0,23.63
84.29,1.632,44.31,5.07,0.29,1070,None,MeCN,100.0,15.62
84.74,0.424,49.82,3.3,0.73,687,B,IPA,100.0,26.96
64.32,1.959,36.01,2.59,0.59,426,A,THF,100.0,23.15
42.47,1.047,35.89,4.73,1.11,489,C,IPA,100.0,13.7
74.94,1.038,20.98,6.39,1.59,336,B,THF,100.0,14.31
57.17,1.945,27.33,4.56,1.08,1119,B,IPA,97.73,14.65
72.68,0.823,51.98,6.69,0.61,250,C,IPA,100.0,20.1
108.27,0.855,43.68,4.02,1.74,213,C,IPA,100.0,28.41
58.72,1.211,31.67,4.44,1.46,383,A,IPA,100.0,19.98
44.66,0.343,22.73,8.22,1.3,1011,B,IPA,100.0,22.39
62.51,0.71,3.97,8.97,1.39,723,B,THF,100.0,20.8
63.49,0.467,9.44,4.24,0.55,826,C,IPA,100.0,13.3
92.95,0.296,12.39,6.36,1.7,558,A,THF,100.0,18.41
84.56,1.746,23.03,3.86,0.97,269,A,IPA,100.0,16.32
102.71,1.22,56.7,1.95,0.91,1056,C,IPA,100.0,37.05
93.15,0.781,30.8,7.77,0.37,392,C,DMF,100.0,21.07
72.51,0.876,14.86,2.95,1.49,233,B,DMF,100.0,20.01
105.12,0.92,7.24,5.12,1.51,773,None,IPA,100.0,22.15
53.36,1.303,20.96,5.64,0.85,283,A,IPA,100.0,16.21
41.82,1.861,49.13,3.07,2.15,296,A,THF,91.53,29.75
47.2,1.872,23.62,2.3,2.11,1000,B,MeCN,96.49,23.57
97.79,0.844,46.58,4.46,0.27,692,B,IPA,100.0,24.26
76.95,0.726,48.36,9.59,1.74,442,C,THF,100.0,25.05
52.9,0.957,7.54,6.73,0.98,549,None,THF,98.59,14.31
80.08,1.179,36.91,4.74,2.5,929,A,MeCN,100.0,20.1
52.18,0.977,57.59,1.83,0.56,266,B,MeCN,100.0,23.44
95.71,1.352,24.73,6.6,0.7,316,C,IPA,100.0,19.6
75.69,1.153,4.01,2.28,1.11,816,None,MeCN,100.0,18.88
70.48,0.709,55.47,6.11,0.67,807,C,THF,100.0,16.06
64.12,0.757,53.14,7.89,1.73,1172,None,DMF,98.25,27.68
90.42,0.819,31.81,5.1,1.2,575,None,IPA,100.0,14.81
68.95,0.28,33.58,4.04,0.55,265,C,IPA,100.0,17.02
47.01,0.416,13.49,1.9,1.27,738,C,MeCN,100.0,19.56
49.44,1.474,49.35,1.71,2.22,838,C,MeCN,99.78,31.73
116.95,0.839,30.42,5.16,1.98,340,B,THF,100.0,28.65
112.69,0.508,3.0,9.01,1.25,753,B,IPA,100.0,27.58
95.98,1.169,41.3,3.57,0.72,398,B,THF,100.0,20.69
61.27,1.536,57.08,6.38,0.45,1045,B,THF,98.53,20.59
117.53,0.589,49.92,7.32,2.2,1035,B,DMF,100.0,32.0
102.3,1.671,17.35,2.02,1.78,630,A,MeCN,100.0,32.9
97.35,1.862,4.15,2.8,1.43,1167,C,THF,100.0,26.74
75.95,1.235,56.48,4.32,2.2,1180,A,DMF,100.0,26.59
61.78,1.371,56.29,7.2,0.3,329,B,IPA,100.0,21.97
47.71,0.2,32.41,5.23,1.71,568,B,MeCN,100.0,19.08
112.21,1.896,38.9,7.74,0.54,800,B,IPA,100.0,28.26
76.46,0.846,28.29,8.87,0.3,285,B,DMF,100.0,20.73
56.19,1.855,25.77,7.95,1.16,583,None,DMF,74.59,22.78
64.48,1.2,8.05,9.93,0.97,461,A,IPA,100.0,16.58
86.34,0.109,6.71,7.91,2.35,1152,A,MeCN,100.0,24.38
54.14,0.173,14.73,8.74,0.81,612,A,IPA,94.99,21.68
108.53,1.393,50.36,8.58,2.04,963,C,MeCN,100.0,36.22
100.68,1.169,9.6,7.71,1.87,587,C,THF,100.0,20.48
97.56,0.15,14.38,8.32,1.67,332,B,DMF,100.0,28.87
74.57,1.513,33.37,9.44,2.3,1063,A,MeCN,100.0,24.36
90.18,1.719,13.69,5.54,1.02,200,None,THF,100.0,17.34
86.73,1.043,10.63,6.93,0.97,256,C,DMF,100.0,14.39
91.99,0.985,34.24,5.88,0.4,564,C,THF,100.0,15.61
46.76,0.11,22.72,8.73,0.69,887,A,DMF,90.55,20.83
73.26,1.595,37.94,5.17,2.2,542,C,MeCN,100.0,20.59
43.33,0.728,54.82,8.47,1.19,266,C,THF,100.0,28.0
79.52,1.77,9.91,8.29,0.85,518,B,MeCN,100.0,17.55
66.39,0.809,54.89,9.68,0.54,445,None,DMF,99.31,26.97
51.56,1.174,54.25,3.62,1.21,205,None,IPA,86.92,26.07
48.27,0.614,49.92,7.53,1.79,735,C,MeCN,100.0,24.65
87.01,0.405,38.25,7.93,0.72,317,B,THF,100.0,21.4
53.65,1.572,37.59,9.46,1.89,487,None,THF,82.03,25.9
114.01,1.044,38.71,9.21,1.57,841,None,IPA,100.0,34.28
86.48,1.119,41.74,6.37,1.97,925,C,IPA,100.0,18.53
67.75,1.934,1.97,6.42,0.63,463,A,MeCN,100.0,12.06
87.27,1.931,57.53,2.92,1.58,529,A,DMF,100.0,27.85
41.82,1.726,35.55,9.79,0.38,447,B,MeCN,100.0,19.34
116.68,0.456,47.11,3.67,0.91,1157,A,DMF,100.0,34.41
78.58,1.229,23.26,7.66,1.81,391,C,THF,100.0,18.6
102.62,1.768,1.73,8.26,1.58,383,B,THF,100.0,30.0
46.62,0.811,31.07,5.25,0.47,645,A,THF,100.0,19.05
78.93,0.292,30.92,3.3,2.15,389,A,DMF,100.0,23.84
79.26,1.641,26.78,3.11,0.13,357,C,MeCN,100.0,15.87
115.03,1.015,21.04,8.78,1.49,296,B,DMF,100.0,29.78
85.74,1.172,15.74,5.84,2.46,840,C,MeCN,100.0,16.68
77.88,1.966,32.13,2.27,1.33,812,A,DMF,100.0,22.58
61.36,1.254,23.14,7.59,2.0,850,None,IPA,94.52,19.77
66.53,0.907,58.23,3.63,1.49,973,C,DMF,100.0,27.02
81.65,0.803,11.2,8.95,1.96,526,None,MeCN,100.0,23.75
75.11,0.893,19.86,4.13,1.64,1118,C,IPA,100.0,12.43
41.73,0.325,18.34,3.2,1.73,933,B,THF,93.74,19.4
106.1,1.61,33.06,2.22,0.57,1005,None,DMF,81.3,28.7
111.69,1.692,30.46,5.85,1.85,921,C,MeCN,100.0,27.75
51.22,0.64,38.98,5.33,0.59,558,None,MeCN,96.2,19.84
84.32,0.677,57.05,7.89,2.45,483,A,THF,100.0,33.12
48.69,1.761,17.83,5.45,0.57,623,A,MeCN,97.39,14.14
93.78,0.146,41.87,4.42,0.59,297,B,DMF,100.0,21.69
62.5,1.089,2.48,3.72,2.15,651,B,MeCN,100.0,20.01
92.75,0.981,16.48,3.86,0.61,243,B,DMF,100.0,16.11
98.16,1.411,28.36,9.39,0.9,204,A,THF,100.0,26.5
101.49,0.41,2.83,2.9,1.79,1131,B,DMF,100.0,28.48
48.62,1.37,37.44,9.9,0.4,889,None,MeCN,88.93,16.12
113.28,0.816,41.02,4.28,0.4,762,B,IPA,100.0,25.56
58.42,1.276,45.06,2.25,1.22,541,None,IPA,89.11,27.71
42.99,0.176,31.48,3.61,0.61,771,None,MeCN,89.4,19.35
84.39,0.977,36.63,2.0,0.59,1092,B,MeCN,100.0,19.44
69.67,1.092,24.37,8.22,0.02,852,None,IPA,100.0,14.25
106.38,0.507,3.43,5.86,0.93,802,C,THF,100.0,21.13
104.66,0.365,6.9,4.36,0.8,660,None,THF,91.59,18.35
65.37,0.458,39.64,7.13,0.08,546,None,MeCN,100.0,15.46
116.23,0.754,59.74,6.86,1.55,899,C,MeCN,100.0,33.08
63.27,0.284,1.93,9.49,1.57,1181,None,THF,82.32,22.33
81.2,1.9,33.9,9.67,0.18,625,C,IPA,100.0,21.01
60.48,0.869,45.31,7.29,0.79,592,A,DMF,100.0,18.48
114.88,1.637,49.78,8.45,2.18,628,C,IPA,100.0,37.58
53.17,1.951,33.17,8.24,1.46,626,C,IPA,100.0,23.66
43.59,0.253,37.58,5.68,1.03,1191,None,MeCN,90.42,19.19
74.81,1.338,42.11,7.49,1.16,907,A,IPA,100.0,22.07
119.39,1.756,51.68,2.17,0.52,559,B,THF,89.77,36.1
111.33,1.305,8.22,7.94,2.03,572,C,IPA,100.0,31.56
99.89,0.915,55.64,9.68,2.29,631,None,THF,100.0,34.65
111.26,0.919,2.54,2.22,2.28,237,None,MeCN,100.0,33.2
111.48,0.168,50.34,8.61,0.56,728,A,THF,96.67,33.01
81.51,1.116,5.53,9.43,0.78,1011,None,IPA,100.0,15.98
65.27,1.988,12.48,3.42,0.4,861,A,DMF,99.41,19.05
101.76,1.922,1.23,5.96,0.77,398,None,IPA,91.3,18.55
92.93,0.177,27.27,9.39,0.83,928,C,MeCN,100.0,23.64
69.89,1.441,20.73,9.66,1.58,919,C,THF,100.0,21.12
47.56,0.673,10.79,2.59,0.47,463,None,MeCN,94.75,21.11
99.74,1.816,27.61,4.47,2.3,823,B,DMF,100.0,25.51
61.0,0.186,24.74,7.43,0.26,811,B,IPA,100.0,16.54
114.95,1.878,46.29,3.38,0.02,1040,B,DMF,94.96,32.27
59.28,1.691,53.69,4.26,2.14,336,C,THF,96.88,25.92
49.82,0.323,39.5,1.7,1.76,395,B,IPA,90.41,24.59
106.49,0.214,8.34,2.8,0.89,686,B,THF,98.79,28.71
52.26,1.686,18.43,6.28,1.49,244,None,MeCN,84.82,18.72
54.34,0.396,54.89,7.05,0.56,616,None,MeCN,92.56,22.45
87.95,1.116,6.24,7.02,0.42,988,B,DMF,100.0,14.14
109.96,1.84,25.0,8.12,1.18,349,C,DMF,100.0,31.85
55.71,1.178,56.61,5.03,0.88,660,A,DMF,100.0,22.97
64.83,0.855,57.09,3.82,1.54,1190,B,IPA,100.0,23.62
102.19,0.946,25.26,1.63,0.55,706,None,IPA,100.0,20.2
117.75,0.22,40.38,3.26,1.66,698,A,IPA,100.0,34.02
80.06,1.941,27.95,4.16,1.92,759,C,THF,100.0,19.72
51.51,0.69,45.45,3.01,0.42,386,B,THF,98.12,26.16
41.11,0.46,2.86,1.67,0.11,347,None,DMF,83.26,16.79
58.37,0.643,9.51,2.84,1.1,877,C,DMF,100.0,23.15
50.55,1.932,37.24,7.16,1.94,596,C,IPA,100.0,24.38
94.21,0.279,14.72,6.85,1.63,490,A,THF,100.0,23.71
49.75,1.748,40.3,9.45,1.75,231,A,THF,85.85,30.73
80.51,1.445,21.72,8.28,1.01,1046,B,DMF,100.0,21.95
95.54,1.677,53.31,6.33,0.59,232,C,IPA,100.0,24.68
86.49,1.954,49.34,2.67,1.33,950,A,MeCN,100.0,26.57
55.98,1.7,30.08,6.29,0.51,582,None,IPA,88.63,18.18
104.33,1.892,46.6,2.02,1.82,799,None,THF,84.65,37.8
97.23,0.341,17.0,5.16,0.49,448,C,DMF,100.0,21.53
99.12,1.612,30.16,4.82,0.73,355,C,DMF,100.0,23.75
50.48,1.137,12.65,5.14,1.27,733,C,MeCN,100.0,19.14
49.9,1.133,51.79,3.88,1.22,896,None,THF,89.95,25.61
114.21,1.808,49.56,7.33,1.5,395,None,MeCN,93.38,33.95
71.81,1.946,54.23,8.65,1.09,636,A,IPA,100.0,25.32
64.08,1.439,52.77,8.03,2.3,645,None,DMF,87.66,30.27
79.09,1.018,57.62,6.84,2.1,416,A,DMF,100.0,24.1
93.03,0.967,14.47,6.08,2.2,765,B,MeCN,100.0,19.53
116.45,0.834,55.98,1.76,1.57,346,A,MeCN,100.0,36.07
62.92,0.787,34.7,7.64,1.59,710,None,THF,100.0,22.34
113.98,0.844,25.93,6.13,1.52,313,A,IPA,100.0,25.25
41.99,0.271,34.06,3.8,1.09,686,B,IPA,98.65,19.86
84.42,0.247,21.21,4.29,0.81,512,B,DMF,100.0,10.36
90.72,1.582,18.02,9.45,1.48,652,A,DMF,100.0,25.29
48.47,0.948,15.24,6.81,0.06,634,A,DMF,100.0,16.65
51.23,1.868,5.86,5.55,0.02,1108,B,DMF,88.4,18.41
73.53,1.263,30.3,6.78,2.13,690,None,DMF,100.0,20.19
117.3,0.167,53.38,5.02,0.12,1018,C,THF,100.0,31.85
87.68,0.399,38.18,5.5,1.31,426,C,DMF,100.0,20.43
114.64,0.491,31.74,3.97,1.54,552,None,THF,94.41,28.01
104.35,1.954,26.29,5.24,0.5,275,C,MeCN,100.0,22.36
77.39,0.516,28.4,7.33,2.24,621,None,DMF,100.0,19.68
102.78,1.08,13.35,1.84,0.48,869,A,DMF,100.0,23.22
41.43,1.879,49.55,8.26,2.21,1038,B,IPA,91.46,27.47
48.73,1.957,12.7,3.91,1.91,766,A,IPA,94.92,18.44
106.35,0.549,43.28,7.3,0.6,840,None,THF,100.0,28.51
103.75,0.193,45.84,6.96,0.38,377,None,THF,91.34,27.72
58.61,0.392,34.92,7.05,0.79,237,B,THF,100.0,18.16
82.46,0.22,51.91,6.67,0.99,992,None,IPA,100.0,20.63
88.48,0.471,18.17,9.65,0.61,367,A,DMF,100.0,21.16
109.42,1.18,53.02,5.82,2.5,291,A,DMF,100.0,35.14
88.25,1.834,44.04,7.72,0.57,1138,C,DMF,100.0,20.52
73.01,1.121,48.13,7.5,2.08,1164,C,THF,100.0,21.52
69.93,1.289,40.21,3.51,0.4,816,C,MeCN,100.0,19.93
74.07,0.484,50.93,3.91,2.45,579,B,DMF,100.0,22.74
92.15,1.621,59.59,5.1,0.56,1033,B,MeCN,100.0,24.09
109.4,1.274,25.79,3.86,1.05,405,A,MeCN,100.0,27.76
76.31,1.742,49.02,4.62,1.4,629,None,IPA,93.63,25.36
59.83,1.903,44.93,4.82,0.3,557,C,MeCN,100.0,21.12
58.93,0.761,27.72,6.63,2.04,1113,A,THF,100.0,20.95
99.68,0.272,55.69,3.37,0.69,1120,A,IPA,100.0,34.63
105.33,0.529,24.27,8.34,1.37,851,None,MeCN,100.0,24.18
48.42,0.932,34.36,5.22,1.37,311,A,MeCN,100.0,17.59
45.32,1.897,7.25,7.5,1.51,682,B,MeCN,95.24,20.17
87.55,0.819,14.32,2.19,0.14,445,A,THF,100.0,18.33
51.69,1.564,50.6,5.49,0.42,1085,B,DMF,88.84,24.21
105.97,1.127,24.4,1.74,0.4,338,None,IPA,100.0,24.79
64.83,0.447,24.25,7.25,0.76,254,None,MeCN,100.0,15.87
51.51,0.709,15.51,4.42,0.36,904,C,THF,100.0,13.5
113.68,1.341,30.01,9.57,2.3,653,A,DMF,100.0,32.4
53.24,1.378,48.54,4.26,1.28,1038,A,MeCN,100.0,23.09
62.78,0.926,53.81,6.29,1.56,275,A,DMF,100.0,25.37
52.29,0.534,5.14,3.69,0.89,1001,B,MeCN,98.5,15.35
49.24,1.472,34.91,6.77,0.69,237,B,IPA,94.65,19.41
41.69,0.421,28.57,5.47,1.26,228,A,THF,100.0,17.94
44.43,1.88,37.24,4.65,0.74,661,C,MeCN,100.0,18.71
53.97,0.457,27.39,3.23,0.86,421,C,IPA,100.0,18.13
44.27,0.304,24.52,2.45,1.13,794,None,MeCN,86.51,18.4
87.29,1.046,28.84,2.52,1.26,226,B,MeCN,100.0,22.07
94.46,1.087,35.34,9.99,2.46,235,C,DMF,100.0,32.3
71.49,1.066,30.56,5.0,0.56,927,A,MeCN,100.0,15.32
65.44,0.93,28.86,1.52,1.22,410,None,MeCN,100.0,17.35
80.36,1.99,49.25,9.6,0.37,856,None,MeCN,100.0,24.95
110.0,1.024,44.99,1.67,0.87,950,B,MeCN,100.0,31.25
108.09,1.008,21.14,5.06,1.79,259,C,THF,100.0,22.32
43.48,0.901,48.23,7.6,0.44,970,None,DMF,94.06,23.7
54.52,0.227,51.37,9.27,1.45,468,B,MeCN,95.94,30.37
58.94,1.227,10.06,7.56,1.04,590,A,THF,100.0,18.21
59.95,0.533,35.38,5.44,0.13,287,A,IPA,100.0,16.94
85.7,1.311,17.83,9.78,2.33,1039,B,MeCN,100.0,23.57
73.3,0.197,44.61,1.83,1.03,761,C,THF,100.0,22.15
43.94,1.965,15.09,9.89,1.96,705,None,MeCN,89.11,18.71
69.89,0.991,40.61,8.72,1.04,1169,None,THF,100.0,23.73
81.9,1.804,16.05,9.4,2.34,535,A,THF,100.0,20.18
48.13,1.004,31.16,3.67,0.73,1091,A,THF,100.0,16.93
106.68,0.215,56.97,2.71,1.03,920,B,MeCN,99.18,37.64
44.16,1.662,23.5,7.14,1.9,1129,B,IPA,99.62,19.84
113.99,1.332,52.67,5.88,0.86,1108,None,THF,100.0,31.53
47.93,1.585,59.23,5.95,0.91,1191,A,DMF,92.25,24.77
107.49,0.914,52.62,9.36,2.49,332,B,MeCN,100.0,40.0
112.21,1.312,10.79,6.77,1.39,996,A,IPA,100.0,23.94
118.37,1.727,49.36,4.14,1.72,1004,B,DMF,91.97,34.43
104.16,1.299,2.9,4.9,1.61,844,A,IPA,100.0,23.42
102.36,0.761,24.2,2.63,2.07,479,A,IPA,100.0,32.18
91.4,1.359,52.37,3.13,2.15,1165,None,DMF,100.0,31.35
102.32,1.377,41.64,2.72,1.41,404,None,DMF,93.44,37.2
50.76,1.925,32.43,8.39,0.74,700,None,THF,77.64,21.6
82.89,0.805,23.88,7.49,0.06,721,B,THF,100.0,16.55
81.14,0.908,48.93,6.01,1.54,362,None,THF,100.0,23.11
108.61,1.643,42.86,4.68,2.06,923,B,IPA,98.7,30.73
77.02,1.061,28.64,7.18,1.13,289,C,DMF,100.0,16.86
70.81,1.499,53.66,8.41,0.41,893,B,MeCN,100.0,24.73
91.17,0.973,14.57,8.99,0.72,1049,B,MeCN,100.0,20.73
61.32,0.509,11.05,6.15,1.27,549,None,THF,91.66,16.47
51.18,1.516,38.93,8.47,2.09,909,A,DMF,90.91,27.57
78.23,0.349,58.35,5.85,0.43,357,C,DMF,100.0,19.82
73.35,0.477,15.59,5.53,1.53,1046,A,THF,100.0,12.91
58.61,1.291,15.73,8.86,1.88,1152,C,IPA,100.0,25.5
69.4,1.52,9.23,4.78,2.34,353,B,IPA,100.0,15.19
69.31,1.8,51.77,4.87,0.29,892,A,IPA,100.0,19.8
66.2,0.618,14.36,4.09,2.32,706,None,IPA,100.0,19.25
70.36,0.31,30.69,5.91,1.5,731,None,IPA,93.33,18.96
94.86,1.916,59.46,6.13,1.92,906,A,MeCN,100.0,26.04
63.75,0.393,1.72,7.11,0.13,689,A,IPA,100.0,14.52
115.91,0.476,33.83,5.16,1.27,800,B,DMF,100.0,27.29
113.31,0.654,31.23,3.35,1.56,431,B,THF,100.0,29.65
78.47,1.106,48.64,8.87,0.77,579,A,MeCN,100.0,27.08
66.27,1.777,21.96,4.44,1.08,1065,B,IPA,99.97,13.97
82.83,1.545,25.21,9.35,1.39,310,C,IPA,100.0,18.24
107.88,1.445,10.91,3.26,1.38,798,B,IPA,100.0,29.23
92.21,0.433,44.71,6.26,0.1,384,C,THF,100.0,19.85
104.35,0.78,47.3,6.06,1.1,1047,A,DMF,100.0,25.25
82.62,1.009,9.06,8.54,0.53,779,C,THF,100.0,16.88
90.63,0.38,24.21,2.68,2.29,603,A,IPA,100.0,28.34
63.05,0.62,53.68,9.23,2.44,450,None,MeCN,100.0,28.5
98.79,0.686,1.16,6.02,0.75,637,None,MeCN,100.0,22.69
56.19,0.342,18.63,6.48,0.44,1158,None,DMF,86.71,14.42
95.58,1.145,33.75,5.84,0.55,709,C,THF,100.0,18.81
108.86,1.44,20.71,1.81,1.19,669,None,THF,93.8,26.05
50.57,0.233,17.05,5.73,2.19,946,C,THF,100.0,19.16
89.15,1.014,28.14,3.74,1.25,579,C,DMF,100.0,18.56
47.61,1.586,11.71,4.41,0.14,627,A,DMF,88.02,12.61
98.06,1.521,32.25,7.02,0.1,537,C,MeCN,100.0,25.39
46.76,1.649,42.7,5.73,0.57,351,C,IPA,100.0,18.01
114.88,0.952,34.94,2.29,2.11,914,C,MeCN,100.0,31.72
50.99,1.659,6.49,2.12,1.55,1073,A,IPA,91.93,25.63
116.71,0.557,50.82,3.08,1.41,1106,A,THF,100.0,39.41
104.07,0.786,11.32,3.12,0.8,1081,None,MeCN,100.0,26.46
87.49,0.435,46.12,6.67,2.32,652,C,MeCN,100.0,21.6
102.61,0.988,22.27,3.01,0.83,484,C,IPA,100.0,25.37
103.61,0.845,47.18,8.99,2.09,838,B,THF,100.0,32.55
115.68,0.558,13.17,3.28,2.24,1155,None,THF,92.87,31.35
60.27,1.528,12.01,2.27,1.21,927,C,MeCN,100.0,18.81
87.21,0.696,30.32,8.94,2.24,695,A,MeCN,100.0,23.3
47.6,0.618,2.94,4.01,0.69,889,B,DMF,93.81,15.07
89.29,0.349,14.29,5.12,1.65,973,B,THF,100.0,18.94
53.7,0.934,43.72,9.65,0.22,1119,None,DMF,90.19,23.84
85.2,0.676,50.41,9.53,1.18,963,None,DMF,100.0,29.87
85.79,0.802,5.77,7.58,0.54,633,None,DMF,100.0,16.78
77.28,0.548,53.04,2.09,0.16,474,C,THF,100.0,25.18
81.81,1.55,48.05,6.54,0.01,700,C,DMF,100.0,17.19
101.11,1.867,52.31,9.91,0.81,528,A,IPA,100.0,35.33
103.94,1.046,42.21,9.55,1.47,1143,A,DMF,100.0,31.99
79.37,1.322,40.78,2.4,1.14,708,A,IPA,100.0,27.68
87.97,1.748,31.98,4.87,0.75,672,A,IPA,100.0,20.56
114.5,1.998,39.51,4.18,2.48,548,B,THF,95.75,32.27
49.58,1.266,55.23,2.6,2.35,839,A,IPA,100.0,33.95
49.37,1.791,6.93,7.41,0.31,720,B,MeCN,98.76,10.24
47.02,1.826,19.63,3.83,1.04,329,A,DMF,86.73,18.18
92.63,1.604,5.27,4.43,1.62,1069,B,IPA,100.0,21.66
73.49,0.976,56.74,2.27,1.83,559,C,DMF,100.0,30.67
101.95,0.254,27.27,5.73,0.92,633,None,IPA,98.05,20.01
93.7,0.13,40.85,2.84,1.87,406,None,DMF,93.31,30.85
66.69,1.007,50.63,5.17,0.31,753,B,THF,100.0,14.26
111.87,1.039,59.47,2.72,0.83,902,None,DMF,91.9,36.34
101.0,0.874,10.55,9.61,1.79,1081,None,DMF,100.0,24.85
61.64,1.18,48.17,2.73,1.56,252,C,MeCN,100.0,30.68
69.14,1.149,53.36,5.94,2.09,1173,A,DMF,100.0,26.44
65.16,1.69,3.88,3.17,0.12,904,B,DMF,84.46,17.1
52.61,0.306,45.49,2.15,0.44,484,C,THF,91.57,26.95
51.82,0.528,21.93,3.22,0.12,404,None,DMF,75.83,18.98
114.89,1.607,39.27,1.97,0.48,496,A,DMF,98.7,32.09
75.03,1.711,31.33,2.68,0.01,1076,None,THF,86.43,17.77
70.67,1.99,16.32,5.69,1.26,491,A,IPA,100.0,17.01
98.37,1.759,8.98,7.04,1.32,663,None,DMF,98.44,20.29
84.24,1.791,7.9,2.24,1.64,906,C,MeCN,100.0,18.75
114.89,0.697,7.1,5.25,0.96,1072,A,THF,100.0,22.36
102.42,0.863,38.63,6.44,0.01,859,None,DMF,100.0,22.88
78.35,0.609,21.73,3.49,1.68,953,None,DMF,100.0,19.8
70.11,1.252,13.78,4.66,0.14,373,None,IPA,98.81,11.24
118.93,1.884,41.82,2.11,2.17,1077,None,MeCN,89.26,39.68
97.42,0.755,41.52,3.37,0.06,476,None,IPA,100.0,25.35
116.1,1.158,32.81,5.47,1.33,328,B,DMF,100.0,26.7
49.48,0.663,56.16,9.92,2.24,1176,C,THF,100.0,29.46
108.04,0.423,23.74,9.97,1.43,402,C,MeCN,100.0,29.72
90.97,0.471,50.32,9.83,1.52,337,C,MeCN,100.0,29.75
49.75,0.21,5.43,5.1,1.7,826,C,IPA,94.52,18.87
87.06,1.904,44.65,2.19,0.31,519,A,IPA,100.0,26.71
94.89,0.865,59.32,4.25,1.69,333,A,MeCN,100.0,24.88
40.98,1.685,50.95,3.52,2.2,801,B,IPA,92.54,23.49
76.35,1.395,35.2,1.62,2.44,959,A,IPA,100.0,22.55
106.03,0.465,37.98,2.31,1.11,993,B,MeCN,100.0,30.67
63.63,0.433,21.84,5.35,0.86,356,C,MeCN,100.0,15.28
76.68,1.643,41.09,4.39,1.88,757,None,THF,96.32,21.8
75.39,0.603,46.45,3.03,1.36,1014,C,DMF,100.0,26.36
64.15,1.835,59.9,7.59,0.64,361,C,DMF,98.19,22.32
113.48,0.366,30.06,4.54,0.43,408,B,THF,100.0,23.36
102.5,1.388,4.62,8.74,0.43,202,A,MeCN,100.0,23.69
48.85,1.648,36.16,3.55,1.15,725,A,DMF,85.18,23.31
119.76,0.547,8.02,6.08,0.43,395,None,DMF,94.43,19.06
110.34,0.625,15.44,3.07,0.05,924,A,IPA,100.0,26.27
62.71,1.933,20.4,5.71,0.13,1162,B,IPA,99.47,11.32
106.95,0.603,44.13,2.8,2.32,409,B,MeCN,100.0,34.98
48.51,0.917,11.84,2.87,0.18,849,None,DMF,83.35,20.62
119.93,0.922,10.78,6.7,0.18,412,B,DMF,100.0,22.15
93.25,0.581,3.65,3.74,1.13,218,C,MeCN,100.0,15.83
92.01,1.574,52.52,2.97,0.61,959,None,THF,100.0,27.14
47.24,1.567,41.92,9.4,2.41,634,None,IPA,78.84,26.2
111.76,0.819,3.36,1.87,2.28,1147,C,THF,100.0,26.1
42.32,1.687,2.67,6.3,1.01,734,B,MeCN,99.08,14.4
59.27,0.505,33.96,6.16,1.12,357,B,DMF,100.0,19.9
51.44,0.108,17.67,3.63,0.94,650,C,IPA,94.7,18.95
102.14,1.185,36.21,5.35,0.09,403,B,DMF,100.0,23.63
55.86,1.989,26.64,2.25,0.73,1078,B,MeCN,85.7,21.67
112.85,0.173,55.48,7.63,0.31,891,None,THF,88.93,31.35
92.5,0.495,17.98,3.38,0.26,541,C,IPA,100.0,16.5
42.89,1.086,41.07,3.14,1.4,728,C,DMF,100.0,23.16
40.43,1.639,4.19,4.18,0.25,869,A,THF,99.6,11.39
44.13,0.269,57.4,9.17,0.26,983,B,THF,91.63,25.0
88.47,0.851,58.86,8.27,1.2,280,B,MeCN,100.0,27.4
104.12,1.519,44.61,9.55,1.11,223,None,THF,88.8,33.42
59.08,0.806,28.45,7.04,0.34,314,None,MeCN,100.0,20.98
107.95,0.459,13.98,7.13,0.01,595,B,IPA,100.0,19.38
44.58,0.471,48.94,5.58,0.48,667,B,MeCN,100.0,18.91
104.08,0.879,44.44,9.19,0.59,336,B,MeCN,100.0,28.22
114.22,1.011,14.1,5.84,2.0,611,A,THF,100.0,25.14
101.77,1.737,27.62,4.52,2.29,642,C,MeCN,100.0,24.64
95.85,1.32,28.31,6.94,1.01,309,A,THF,100.0,22.46
107.04,1.412,49.76,6.14,1.01,1117,None,DMF,89.76,28.94
43.21,1.968,41.35,2.55,1.78,799,None,MeCN,85.75,27.26
56.14,0.883,38.95,4.84,1.57,589,C,THF,100.0,20.27
49.99,0.866,39.34,4.16,0.46,707,B,IPA,100.0,15.22
80.36,1.854,16.96,8.7,0.27,514,A,IPA,100.0,17.88
99.62,0.567,22.93,4.72,1.09,1054,None,THF,100.0,20.36
90.4,1.487,3.69,8.48,1.41,775,None,THF,100.0,23.56
108.09,1.534,47.43,5.26,0.35,695,None,THF,89.44,28.9
52.42,0.286,26.55,7.9,0.73,1111,None,MeCN,91.84,18.7
98.77,0.99,26.86,2.65,0.76,1038,B,THF,100.0,24.48
55.44,0.481,15.48,9.36,0.65,1013,None,IPA,88.01,17.64
61.66,0.452,13.36,5.58,1.15,426,None,IPA,90.95,17.17
96.79,0.981,35.68,3.71,1.63,353,A,DMF,100.0,24.94
118.42,0.65,14.72,3.55,1.27,890,B,MeCN,100.0,27.04
88.92,1.613,4.79,3.75,0.5,669,A,IPA,100.0,19.07
44.36,1.824,46.28,4.62,0.26,884,None,IPA,81.81,19.23
89.3,1.625,23.21,7.6,2.05,961,B,MeCN,100.0,19.27
43.39,0.605,23.43,9.57,1.2,495,A,DMF,100.0,21.12
110.73,0.621,26.45,7.19,0.16,485,None,IPA,100.0,23.49
96.77,0.584,49.09,6.15,0.65,691,B,THF,100.0,23.74
53.85,0.357,19.93,5.31,2.01,474,C,IPA,100.0,18.27
47.34,1.893,45.72,8.54,1.88,867,B,DMF,80.36,30.95
54.68,0.864,56.43,8.72,2.19,947,None,THF,90.53,32.8
118.4,0.527,39.99,3.99,1.51,672,A,IPA,100.0,29.56
76.68,1.709,26.47,9.6,1.06,924,B,DMF,100.0,17.26
102.73,0.858,45.12,4.86,1.07,710,C,DMF,100.0,27.52
90.91,0.167,28.02,8.3,0.49,913,C,THF,100.0,19.34
85.79,0.408,25.45,9.72,1.63,425,C,MeCN,100.0,22.03
51.61,1.315,31.99,7.48,1.46,939,C,THF,100.0,21.12
115.68,1.588,19.75,2.87,0.39,915,B,THF,100.0,24.13
64.11,0.501,7.15,6.48,2.21,467,B,IPA,100.0,18.07
86.24,1.843,25.48,2.51,0.92,756,B,MeCN,100.0,21.96
95.98,1.717,8.31,8.21,0.12,1055,B,THF,100.0,22.97
91.94,1.712,25.22,3.89,0.82,450,B,DMF,100.0,19.25
115.25,0.533,33.86,7.41,2.17,936,None,IPA,100.0,26.09
51.88,0.196,55.91,9.24,2.29,1154,C,IPA,96.98,34.49
80.67,1.748,3.14,3.04,1.23,1066,None,MeCN,97.72,20.29
72.32,0.681,37.67,4.84,2.39,602,A,THF,100.0,17.87
77.93,1.276,28.01,7.0,2.19,807,A,DMF,100.0,17.63
49.54,1.544,2.2,5.07,2.06,1192,C,DMF,90.78,19.32
50.73,0.344,15.72,2.99,2.15,768,None,IPA,85.76,25.46
62.25,1.584,7.99,1.75,0.95,315,A,MeCN,100.0,18.58
64.38,1.883,13.79,4.96,1.89,245,A,IPA,100.0,20.27
74.23,1.484,17.2,7.02,1.44,990,None,DMF,95.58,13.82
88.88,0.938,24.68,6.38,1.8,624,None,MeCN,100.0,16.03
90.77,1.766,32.21,2.83,0.44,447,A,MeCN,100.0,19.0
72.94,1.102,1.06,5.33,1.83,548,C,DMF,100.0,14.34
72.7,1.515,10.55,4.64,2.39,957,A,THF,100.0,20.34
57.41,1.659,6.52,3.83,0.76,665,C,MeCN,100.0,20.27
87.06,1.524,33.43,7.7,2.47,1068,B,MeCN,100.0,22.7
65.36,0.647,20.42,4.13,0.95,935,C,IPA,100.0,13.14
42.88,0.324,33.36,6.09,0.5,1174,C,THF,100.0,14.31
73.47,0.553,14.09,9.35,0.28,1089,B,DMF,100.0,18.55
77.93,1.055,2.43,6.08,1.96,455,B,DMF,100.0,13.56
58.05,1.06,56.54,6.74,1.39,859,None,IPA,96.43,23.79
85.8,1.207,7.39,2.12,0.77,221,B,IPA,100.0,21.42
85.26,0.851,8.48,3.01,1.52,1191,None,DMF,100.0,19.09
96.16,1.595,9.65,2.36,0.83,461,B,DMF,100.0,23.68
91.84,1.835,58.9,8.0,1.12,865,B,MeCN,100.0,28.41
92.19,0.569,37.44,8.61,2.16,1049,C,THF,100.0,28.41
65.3,1.499,37.01,3.08,1.67,360,B,THF,99.11,23.85
102.99,1.388,59.22,3.36,1.91,1048,A,MeCN,100.0,35.39
83.93,1.094,6.22,4.25,1.46,212,A,DMF,100.0,18.14
74.51,0.458,58.5,6.52,2.48,642,B,IPA,100.0,27.94
90.08,1.611,13.04,6.79,0.6,672,A,THF,100.0,16.08
68.85,1.925,37.76,7.34,0.66,574,A,IPA,100.0,18.51
81.02,1.471,25.78,9.19,0.23,786,A,THF,100.0,22.23
98.94,1.844,23.65,4.01,1.39,1115,B,DMF,98.83,22.84
110.91,1.97,55.94,7.1,1.53,527,None,IPA,85.92,31.66
113.68,0.769,9.8,6.26,1.81,779,B,IPA,100.0,25.31
80.29,1.313,59.83,4.1,0.84,1077,A,DMF,100.0,24.18
81.62,1.0,23.37,9.21,0.03,973,A,DMF,100.0,19.17
103.99,1.975,39.28,2.31,1.58,241,A,DMF,96.78,35.07
65.16,0.278,58.11,7.55,2.5,1143,None,DMF,84.49,25.65
106.99,0.884,4.4,7.69,0.74,247,B,THF,100.0,23.33
79.53,1.764,55.45,9.28,0.46,789,B,DMF,100.0,28.61
49.27,0.64,34.5,5.91,0.7,775,C,DMF,100.0,14.36
45.76,1.597,42.56,4.23,1.06,986,A,MeCN,97.89,20.16
107.36,0.827,9.8,8.54,0.63,348,B,THF,100.0,25.42
44.45,1.962,32.47,8.05,0.87,379,B,MeCN,96.94,18.54
62.45,1.779,40.74,5.75,1.6,952,B,THF,100.0,22.49
66.73,0.673,27.92,8.03,0.86,350,B,IPA,100.0,18.62
53.84,1.563,10.14,3.78,0.99,669,C,IPA,94.84,18.57
65.11,0.74,15.4,6.51,0.1,932,C,DMF,100.0,10.98
99.42,1.252,51.41,8.85,2.29,851,None,THF,100.0,33.29
41.17,1.351,3.03,4.2,1.02,411,A,THF,100.0,15.61
106.17,1.676,42.82,5.61,0.82,504,B,DMF,100.0,26.59
108.52,0.146,59.96,9.58,0.22,1169,B,MeCN,100.0,36.82
69.78,0.518,1.44,8.28,1.59,649,A,THF,100.0,24.36
52.29,1.453,10.5,9.04,2.16,244,None,MeCN,93.86,28.94
88.07,1.171,40.77,4.77,0.1,420,B,MeCN,100.0,15.42
49.57,1.042,4.54,9.97,0.36,542,B,MeCN,100.0,17.77
69.19,0.205,35.8,2.8,0.37,1199,None,THF,91.1,22.69
116.67,0.762,41.36,5.91,1.51,503,B,THF,100.0,30.23
119.64,1.744,35.7,5.57,2.3,226,C,DMF,100.0,29.22
101.77,0.159,22.55,8.29,1.09,713,B,IPA,100.0,29.07
64.88,0.853,42.14,9.22,0.86,284,C,DMF,100.0,24.23
95.01,1.896,36.06,7.71,1.91,474,A,IPA,100.0,27.61
96.43,0.197,13.25,6.83,1.86,1192,None,MeCN,100.0,19.51
71.03,1.524,34.22,5.13,0.62,905,B,MeCN,100.0,15.67
91.27,0.589,53.03,5.84,0.4,251,None,MeCN,100.0,21.4
40.86,1.747,40.34,5.83,0.89,649,None,IPA,86.3,19.05
56.72,1.518,28.84,1.67,1.94,372,None,IPA,84.48,24.57
82.01,1.783,19.97,5.78,1.74,323,C,DMF,100.0,18.0
53.1,0.51,6.07,8.78,1.66,787,C,MeCN,100.0,23.37
53.27,1.109,15.43,7.53,2.07,706,A,IPA,100.0,22.4
106.9,1.581,1.66,8.26,0.69,943,B,DMF,95.17,26.27
119.13,0.567,59.21,4.82,0.85,1092,A,MeCN,100.0,27.2
84.48,0.538,14.13,6.0,0.11,447,None,IPA,100.0,13.85
107.13,0.152,49.08,1.78,2.17,1123,C,MeCN,100.0,34.11
119.23,1.921,10.95,4.76,1.46,718,C,THF,98.93,23.04
51.33,1.449,17.73,5.53,0.75,459,A,DMF,91.83,14.62
75.86,1.308,25.68,3.67,0.17,1046,A,MeCN,100.0,14.86
71.41,1.514,20.14,1.77,1.81,236,C,IPA,100.0,20.49
46.4,1.11,48.1,7.37,1.87,760,A,IPA,100.0,21.42
100.43,1.005,57.5,5.2,1.67,922,A,DMF,100.0,29.99
74.7,0.954,52.64,5.03,0.51,480,A,DMF,100.0,21.69
77.55,1.317,10.06,3.62,2.28,1063,A,MeCN,100.0,17.85
52.05,0.483,46.82,6.07,1.88,440,B,IPA,95.37,24.45
54.47,1.787,9.73,5.22,1.64,1040,None,DMF,75.43,21.54
112.57,1.642,54.89,5.53,1.63,279,A,MeCN,100.0,34.68
43.57,0.764,31.55,6.44,2.26,360,A,DMF,100.0,21.36
58.63,1.199,20.85,1.55,2.32,581,A,MeCN,100.0,17.01
63.36,0.368,10.26,9.22,1.49,1054,A,THF,100.0,26.33
79.22,1.947,1.7,2.1,1.04,345,A,DMF,100.0,21.87
86.92,1.815,15.63,5.33,0.91,1075,A,THF,100.0,19.93
79.46,1.852,54.93,3.26,2.05,430,C,DMF,100.0,27.31
46.73,0.731,48.04,5.95,1.61,653,B,THF,100.0,19.76
59.49,0.421,58.22,3.88,0.19,553,B,MeCN,100.0,22.79
107.49,0.502,6.94,8.81,0.36,318,A,THF,100.0,26.94
91.01,0.271,35.94,4.87,2.25,1144,C,THF,100.0,23.25
91.93,0.328,16.17,6.93,2.21,638,None,IPA,100.0,22.93
93.62,0.235,33.03,3.62,2.38,890,B,MeCN,100.0,24.45
101.03,1.981,19.91,1.66,1.07,775,None,THF,93.24,25.28
44.65,0.241,17.72,4.94,1.96,702,C,THF,100.0,18.73
69.33,0.352,34.86,6.06,2.07,817,A,DMF,100.0,19.87
83.16,1.672,11.82,5.41,0.79,1098,A,MeCN,100.0,13.08
67.08,1.202,28.68,9.68,0.36,899,None,THF,100.0,20.24
107.56,1.571,39.4,7.51,2.49,732,C,DMF,100.0,34.23
78.61,1.299,8.56,9.96,0.08,845,A,DMF,100.0,18.41
101.49,1.776,55.91,4.01,1.49,806,A,DMF,100.0,32.51
108.16,1.313,30.84,8.21,1.63,633,C,MeCN,100.0,25.98
80.38,1.092,49.35,6.22,1.7,825,None,MeCN,100.0,21.76
112.76,1.454,39.58,6.7,0.64,644,A,THF,100.0,25.48
86.97,0.95,42.89,9.88,1.8,958,None,IPA,100.0,25.47
108.02,0.758,43.25,7.06,0.54,1169,None,MeCN,100.0,24.86
67.25,0.989,52.63,9.14,2.07,1160,None,MeCN,100.0,28.97
79.91,0.422,37.2,7.67,0.55,1021,None,MeCN,100.0,15.81
82.51,1.613,17.41,2.58,1.74,802,C,IPA,100.0,20.33
48.4,0.595,6.87,7.45,1.96,949,A,THF,100.0,22.23
71.88,0.392,36.77,5.62,0.47,378,C,MeCN,100.0,13.06
113.39,0.568,4.91,9.31,0.59,679,A,MeCN,100.0,27.23
90.47,1.7,15.24,8.36,1.95,457,C,IPA,100.0,25.89
54.2,0.727,4.58,2.39,0.21,203,None,DMF,86.18,22.5
67.11,1.403,33.38,2.64,0.48,1167,None,DMF,92.38,22.74
55.33,1.727,10.46,2.09,1.14,1064,None,IPA,84.22,23.0
41.99,0.248,37.01,5.69,2.33,714,C,MeCN,100.0,21.13
114.2,1.554,47.66,2.19,1.4,454,B,MeCN,100.0,38.82
75.86,0.685,49.49,7.65,0.97,893,B,DMF,100.0,22.88
64.6,0.512,19.26,6.2,2.45,635,C,IPA,100.0,14.37
87.88,1.409,33.39,8.61,1.16,1003,A,MeCN,100.0,22.26
40.59,1.829,34.22,3.88,1.08,1200,B,DMF,90.36,19.6
62.24,0.661,28.9,5.91,1.03,549,B,THF,100.0,14.81
96.24,1.181,39.65,2.5,0.78,444,B,IPA,100.0,30.34
90.7,0.651,13.4,9.02,0.81,467,B,IPA,100.0,20.88
118.54,1.153,58.78,2.99,1.72,293,A,MeCN,100.0,38.1
89.63,1.282,6.79,2.37,0.1,594,None,DMF,100.0,22.66
78.2,1.26,49.92,3.24,1.7,217,None,DMF,96.61,27.02
100.91,1.285,36.05,8.35,0.5,314,B,MeCN,100.0,26.97
112.27,0.357,15.45,2.4,0.96,472,B,THF,100.0,30.68
97.66,1.418,44.99,6.72,0.37,360,B,MeCN,100.0,21.2
117.06,1.382,5.98,7.84,1.38,932,B,IPA,100.0,26.88
102.56,1.397,46.69,7.88,1.82,306,None,THF,100.0,35.4
109.34,0.241,35.81,3.12,0.89,1066,A,MeCN,100.0,29.62
49.13,0.949,7.53,2.02,0.41,421,A,THF,100.0,21.59
98.59,0.877,5.69,5.31,0.57,309,C,MeCN,100.0,14.58
75.21,0.265,45.3,3.22,2.05,210,B,THF,100.0,23.66
84.25,0.522,18.28,7.44,0.67,915,B,IPA,100.0,16.09
92.33,0.938,53.47,4.53,1.94,457,B,MeCN,100.0,27.57
117.59,1.512,45.96,5.32,0.83,709,A,DMF,100.0,29.16
118.77,0.55,42.19,2.46,0.47,312,C,IPA,100.0,32.73
63.06,1.677,17.44,6.32,1.82,1185,B,DMF,100.0,20.03
98.7,1.137,42.83,3.08,1.17,325,C,DMF,100.0,28.53
100.0,1.545,56.94,7.27,0.08,612,B,MeCN,100.0,26.38
67.72,0.998,6.4,2.1,2.4,1052,B,THF,100.0,21.97
49.91,1.048,20.24,9.8,0.37,445,None,IPA,91.4,20.0
43.28,1.277,14.85,7.32,0.88,467,B,THF,100.0,13.16
102.19,1.863,24.2,3.04,0.96,1008,None,THF,86.16,26.74
79.18,1.034,44.8,1.62,1.22,473,B,IPA,100.0,22.02
118.84,1.104,28.98,4.34,1.96,203,B,THF,100.0,27.91
77.2,1.244,34.67,2.8,0.02,628,B,IPA,100.0,19.34
118.23,1.501,19.54,3.36,2.33,213,A,DMF,99.82,30.31
72.93,0.237,9.34,8.92,1.61,1110,None,DMF,91.07,24.94
103.49,1.08,16.75,6.63,2.38,842,B,MeCN,100.0,23.13
46.79,1.015,51.72,3.0,2.04,783,B,THF,100.0,28.55
84.44,1.851,36.54,6.23,2.32,402,A,DMF,100.0,19.17
104.16,1.038,23.3,3.67,1.5,900,B,MeCN,100.0,23.63
113.98,0.99,47.6,9.8,0.89,877,C,THF,100.0,33.01
105.81,1.928,4.8,1.78,1.11,260,B,DMF,88.39,28.33
42.96,0.956,15.98,7.72,1.65,1081,None,MeCN,100.0,19.16
69.82,0.444,14.58,8.07,1.07,779,C,THF,100.0,18.76
43.9,0.512,59.14,2.07,1.83,992,A,DMF,100.0,34.26
48.74,0.281,42.66,2.96,0.23,463,B,IPA,86.79,22.68
94.02,0.101,37.45,4.77,2.07,322,C,MeCN,100.0,21.05
97.06,0.921,1.29,8.88,0.51,902,A,IPA,100.0,21.36
101.9,1.562,11.87,6.06,2.36,994,B,IPA,100.0,23.24
109.24,1.494,38.5,7.07,0.39,586,None,THF,89.8,24.51
99.15,0.161,23.4,8.16,0.32,224,C,IPA,100.0,23.8
104.07,1.183,55.53,8.54,2.03,1018,None,IPA,97.55,39.35
43.92,0.393,46.12,5.55,2.05,406,B,DMF,91.2,26.63
58.76,1.888,27.4,5.82,1.85,539,A,THF,99.17,21.6
89.75,0.418,45.22,7.6,2.4,828,None,DMF,100.0,31.39
108.65,1.291,58.55,3.74,0.68,300,A,THF,100.0,30.93
40.36,0.72,28.2,8.76,2.07,272,C,DMF,100.0,20.38
81.17,1.319,38.91,1.68,0.88,226,None,MeCN,100.0,22.34
94.18,0.883,55.2,3.16,1.34,1117,A,DMF,100.0,27.34
42.37,1.543,15.67,8.3,1.11,511,None,DMF,82.47,19.06
72.11,0.538,53.31,4.39,0.01,861,None,MeCN,100.0,19.94
111.65,1.821,6.76,2.77,1.44,1189,None,IPA,88.81,30.46
93.73,1.05,39.26,3.09,1.87,869,B,IPA,100.0,27.33
59.01,1.537,47.19,6.01,0.44,725,C,IPA,100.0,18.47
108.22,1.714,37.26,8.69,2.33,721,B,DMF,95.57,35.37
67.84,1.998,30.24,2.1,1.33,577,C,THF,100.0,24.21
108.27,0.525,37.42,1.76,0.45,800,B,MeCN,100.0,27.5
63.92,0.645,9.95,5.45,1.61,1159,A,THF,100.0,15.42
87.23,0.576,13.72,9.63,0.48,988,C,DMF,100.0,16.11
71.76,0.599,16.92,3.87,0.16,624,None,IPA,100.0,11.86
61.99,1.207,36.27,9.65,1.71,532,B,DMF,100.0,26.2
110.92,1.988,27.07,9.05,0.28,1084,None,THF,92.86,29.41
55.01,1.982,15.42,3.91,0.27,336,C,DMF,92.11,15.6
46.78,1.101,53.09,8.44,1.85,1050,None,DMF,85.78,25.96
67.35,1.314,23.06,7.33,0.14,455,None,MeCN,100.0,15.04
97.41,1.734,27.32,5.85,2.02,916,A,DMF,100.0,22.93
104.59,1.873,25.17,5.09,1.99,1006,B,MeCN,100.0,26.65
119.9,0.487,11.73,8.43,0.35,677,None,DMF,95.63,26.07
63.71,1.104,44.17,8.24,1.3,392,A,DMF,100.0,24.52
72.64,1.682,27.46,7.93,0.24,1045,A,IPA,100.0,17.19
50.95,0.676,1.96,9.99,1.58,568,B,MeCN,100.0,24.94
85.99,0.936,57.88,5.57,0.16,521,C,IPA,100.0,20.86
119.81,1.973,49.13,8.36,2.36,710,B,IPA,100.0,38.36
96.07,1.972,43.69,8.83,0.52,635,B,THF,100.0,29.82
87.62,1.822,52.28,3.3,1.71,883,A,MeCN,100.0,25.57
71.39,1.617,54.5,1.86,0.32,337,C,MeCN,100.0,21.74
113.22,0.611,20.91,4.94,0.52,636,None,IPA,100.0,17.24
79.75,0.71,37.05,8.78,1.13,1092,None,DMF,100.0,26.0
50.75,1.14,36.92,3.96,1.43,236,None,IPA,86.81,24.16
69.23,1.165,16.77,7.45,2.5,657,A,IPA,100.0,19.58
45.37,1.06,14.1,1.56,0.06,861,A,MeCN,100.0,15.61
56.16,1.31,7.72,4.52,0.0,1088,C,IPA,100.0,11.28
41.41,0.876,39.9,6.73,0.88,794,B,IPA,100.0,16.37
76.26,1.523,47.07,2.6,0.92,1024,A,IPA,100.0,28.9
90.76,0.734,45.9,9.12,2.21,423,None,IPA,100.0,30.85
67.46,0.728,19.66,2.83,2.28,553,B,IPA,100.0,21.21
73.63,0.342,13.11,9.23,2.2,1142,A,THF,100.0,19.85
116.74,0.459,27.76,3.34,0.36,1086,C,IPA,100.0,27.83
100.16,1.716,33.26,9.95,1.03,758,A,DMF,100.0,27.66
83.27,0.948,55.23,6.64,1.86,675,B,THF,100.0,20.65
62.76,0.533,52.61,2.22,0.78,651,C,THF,100.0,25.03
111.76,1.543,55.05,2.05,1.66,259,A,THF,100.0,36.51
58.81,1.153,51.17,2.14,0.59,1092,A,DMF,100.0,27.01
66.03,0.14,57.91,6.51,0.81,1018,B,IPA,99.79,22.07
112.73,0.701,28.46,8.38,2.15,656,A,DMF,100.0,31.33
82.36,0.436,3.8,4.93,0.63,479,None,MeCN,100.0,14.23
99.39,1.346,5.93,5.28,2.41,543,A,MeCN,100.0,23.65
87.26,0.623,24.03,6.51,0.77,323,None,DMF,100.0,17.3
92.28,0.223,16.2,6.03,0.06,922,B,DMF,100.0,15.48
63.95,0.204,11.03,7.35,0.64,757,None,MeCN,95.69,20.99
59.31,1.205,57.24,5.51,0.43,434,A,THF,100.0,21.23
65.8,0.141,12.53,7.57,1.27,823,C,THF,100.0,16.27
52.44,1.713,57.6,9.98,0.28,1179,B,MeCN,88.55,23.76
109.95,0.395,45.89,4.48,1.57,322,B,THF,99.96,30.83
62.66,1.252,38.82,1.6,2.19,658,B,THF,100.0,21.65
84.92,0.945,40.89,2.57,0.91,694,A,THF,100.0,24.47
103.36,0.941,20.56,6.2,0.42,367,B,THF,100.0,16.54
102.71,0.236,39.14,4.43,1.0,732,None,DMF,92.36,26.76
75.07,1.625,12.01,9.49,1.96,806,B,MeCN,100.0,19.24
78.1,1.797,56.32,6.83,1.48,357,B,THF,100.0,23.52
119.58,0.121,18.81,5.92,0.25,355,C,IPA,100.0,23.2
93.97,0.439,16.06,8.28,1.34,1056,C,DMF,100.0,27.97
105.17,1.817,42.96,3.7,1.17,511,None,IPA,84.47,28.4
112.2,1.144,39.73,8.47,0.82,830,A,DMF,100.0,31.39
103.01,0.385,27.63,1.53,0.28,827,B,THF,100.0,22.5
54.81,0.485,38.31,6.77,2.45,1039,A,MeCN,100.0,21.47
84.97,1.354,10.41,9.45,0.44,940,B,DMF,100.0,17.47
48.15,1.477,40.73,8.2,0.48,1041,C,MeCN,100.0,23.38
92.23,1.239,16.97,8.76,0.36,825,A,IPA,100.0,20.44
116.43,1.911,17.1,4.87,1.43,649,C,IPA,100.0,29.21
81.02,1.039,10.57,8.51,1.11,594,C,THF,100.0,19.41
74.64,0.671,20.61,6.18,0.62,579,C,IPA,100.0,10.1
42.87,1.007,20.54,6.76,1.07,618,None,THF,100.0,14.07
116.78,0.783,27.8,2.0,1.68,329,A,THF,100.0,29.84
48.24,0.526,12.23,3.21,0.7,624,None,MeCN,90.82,19.53
43.29,0.187,12.39,6.18,2.29,589,None,MeCN,87.54,14.87
59.69,0.769,32.96,2.0,0.77,235,None,IPA,100.0,18.94
45.24,1.452,8.6,7.8,0.5,475,A,MeCN,100.0,15.52
76.41,0.135,41.64,8.64,2.39,952,None,DMF,89.26,29.12
81.29,0.934,56.69,9.32,2.03,778,A,IPA,100.0,31.65
65.01,1.324,26.18,2.37,0.86,1006,C,IPA,100.0,22.54
44.08,1.26,54.17,9.49,2.1,743,C,THF,100.0,30.52
48.93,1.576,6.8,2.07,1.3,1054,C,DMF,84.01,22.09
70.76,1.64,3.53,5.53,0.87,996,None,THF,87.73,15.26
44.84,1.452,43.56,8.64,2.1,298,B,THF,93.72,26.66
95.86,0.295,45.9,2.1,1.88,1177,B,DMF,100.0,29.63
56.56,1.003,50.74,1.65,0.74,215,None,DMF,92.89,26.54
64.17,1.246,4.35,1.71,1.52,797,C,MeCN,100.0,17.61
71.53,0.567,46.84,5.85,0.92,993,A,MeCN,100.0,18.84
73.33,0.181,23.22,8.4,0.0,532,C,IPA,100.0,17.68
40.13,0.525,18.9,2.58,2.4,799,None,DMF,83.58,23.98
48.97,0.964,11.21,2.56,1.37,562,B,DMF,91.4,24.3
109.02,0.886,59.76,6.33,1.5,261,None,THF,100.0,33.58
40.1,0.436,4.76,3.49,1.5,208,C,THF,100.0,18.84
80.65,1.666,49.79,7.71,1.38,295,B,MeCN,100.0,23.89
79.16,1.859,38.73,9.57,0.73,298,None,THF,93.0,22.67
66.65,0.483,44.37,8.01,2.43,811,None,MeCN,100.0,25.08
74.51,1.866,42.99,8.96,1.55,726,A,THF,99.59,27.26
102.45,0.134,51.65,5.92,1.68,655,None,MeCN,98.84,35.82
107.3,1.857,11.84,8.57,1.14,892,None,MeCN,93.69,29.05
60.83,1.909,1.05,3.05,0.72,217,C,DMF,94.09,21.16
65.8,0.123,36.31,2.08,0.16,471,C,DMF,100.0,20.4
59.4,1.55,21.88,7.08,0.88,977,B,THF,100.0,18.66
78.39,1.943,8.3,1.94,0.44,1110,C,THF,100.0,18.5
94.66,1.821,11.98,9.09,1.66,638,B,MeCN,100.0,27.9
58.26,1.944,20.57,7.38,2.2,281,None,THF,86.68,22.44
66.46,1.146,5.14,9.59,0.76,999,B,THF,100.0,19.73
114.43,0.248,4.36,4.17,0.83,1085,None,THF,80.14,25.83
43.89,1.715,55.05,5.63,1.68,614,C,IPA,100.0,24.82
76.86,1.266,19.41,7.8,0.37,443,A,IPA,100.0,15.26
96.92,1.268,58.95,3.56,2.32,244,None,DMF,94.4,34.75
52.04,0.893,57.9,6.11,0.91,791,A,IPA,100.0,21.12
43.79,1.186,9.41,7.11,0.25,1110,B,DMF,100.0,12.3
51.06,0.392,43.18,9.82,0.44,878,C,DMF,93.47,23.91
113.51,1.506,36.45,7.83,2.33,517,B,DMF,95.5,29.61
40.74,0.243,41.75,2.5,0.62,843,None,THF,87.24,25.34
55.07,1.487,6.68,5.54,1.66,1032,C,MeCN,100.0,16.25
42.5,1.713,12.13,6.5,0.39,676,C,MeCN,100.0,11.96
48.85,0.998,5.52,2.75,0.49,1020,A,THF,100.0,19.03
89.61,1.069,36.64,5.17,2.2,592,B,IPA,100.0,21.0
59.33,0.693,59.21,3.91,0.37,549,C,MeCN,100.0,21.44
85.54,1.942,40.65,2.51,0.05,783,A,DMF,100.0,24.4
87.22,1.493,42.93,5.85,1.25,665,None,DMF,98.96,21.78
107.95,0.801,59.09,2.91,2.16,1177,None,IPA,100.0,36.78
40.38,0.432,41.0,6.52,0.81,716,B,THF,100.0,16.32
108.27,0.517,3.37,2.94,0.32,585,C,IPA,100.0,27.62
89.53,0.981,52.15,7.65,2.46,595,B,IPA,100.0,23.63
53.02,1.891,22.52,3.16,1.69,748,B,THF,88.23,23.41
101.83,1.495,1.26,9.12,2.13,555,A,IPA,100.0,29.96
108.44,0.509,30.93,1.72,1.88,923,A,DMF,100.0,31.9
60.34,1.733,56.28,5.94,1.75,581,None,MeCN,89.09,23.48
113.5,0.819,16.18,4.22,0.96,584,A,THF,100.0,22.36
76.36,1.718,30.0,3.41,0.81,817,B,DMF,100.0,17.91
88.27,0.559,11.25,5.51,1.79,261,C,DMF,100.0,20.04
118.77,1.275,4.4,8.66,1.79,855,C,MeCN,100.0,31.04
68.92,1.861,5.75,9.28,2.38,705,C,MeCN,100.0,20.6
105.05,0.59,43.89,4.08,1.42,653,None,THF,100.0,28.84
65.47,1.417,51.98,2.81,0.74,919,C,DMF,98.92,28.04
103.94,1.976,9.45,7.62,1.22,958,None,DMF,80.76,23.98
88.06,0.386,18.01,6.45,1.53,1046,B,DMF,100.0,17.84
57.31,0.268,12.51,3.21,1.07,575,C,MeCN,100.0,20.09
73.12,1.381,2.58,7.96,1.98,527,C,THF,100.0,19.21
65.41,0.745,33.65,5.91,1.46,914,B,THF,100.0,22.44
46.25,0.235,42.3,7.05,0.02,782,A,THF,95.89,18.93
42.39,1.003,39.22,4.55,1.42,832,B,DMF,100.0,20.04
67.72,1.532,23.9,5.23,1.58,756,B,MeCN,100.0,15.2
41.52,0.642,33.75,3.03,2.29,973,B,IPA,100.0,24.05
53.24,0.737,6.55,7.93,1.03,390,A,IPA,100.0,20.95
98.01,1.707,10.1,2.83,1.44,756,A,DMF,99.21,27.21
96.65,1.088,55.98,8.12,1.19,358,B,MeCN,100.0,30.18
99.09,1.701,45.93,8.28,1.33,607,None,IPA,97.14,30.92
65.37,0.948,55.44,7.85,0.17,864,C,MeCN,100.0,19.77
111.2,1.911,55.08,1.67,2.24,693,None,MeCN,86.54,39.05
87.51,1.337,39.31,3.82,2.28,580,C,DMF,100.0,22.65
50.08,0.32,55.77,5.48,1.37,1085,None,DMF,73.28,21.0
51.5,1.782,25.59,6.56,1.39,973,B,IPA,99.12,21.8
95.45,1.03,1.21,9.31,0.14,726,A,THF,100.0,20.84
53.84,0.369,4.69,4.69,1.49,1150,B,THF,94.63,17.7
80.58,0.39,7.46,8.94,1.07,624,A,DMF,100.0,23.99
119.34,1.406,6.63,2.89,1.77,988,C,IPA,99.39,30.38
40.32,0.19,21.75,4.66,0.12,368,None,DMF,77.11,13.65
41.33,0.645,42.37,1.94,1.78,486,C,IPA,100.0,23.0
119.45,0.366,47.65,7.81,0.72,538,B,THF,100.0,28.71
86.77,0.938,35.82,2.78,1.63,306,C,IPA,100.0,24.07
50.15,0.887,9.64,3.68,1.57,702,None,THF,93.27,19.98
111.78,1.092,45.13,8.09,0.57,392,None,IPA,100.0,31.39
110.43,0.631,21.93,6.05,1.1,834,A,DMF,100.0,23.05
82.9,0.161,1.77,1.62,2.09,390,A,THF,100.0,21.45
89.74,1.267,17.55,1.52,1.51,324,C,IPA,100.0,17.01
61.85,0.81,20.51,5.84,0.17,1169,C,DMF,100.0,14.04
44.04,1.338,17.18,4.09,1.11,858,A,THF,100.0,16.4
87.57,0.306,48.9,3.03,0.78,1136,C,IPA,100.0,28.8
63.58,0.126,45.84,6.72,1.6,690,None,MeCN,95.16,23.66
93.09,0.572,42.04,3.44,1.54,233,B,DMF,100.0,25.56
106.9,0.967,9.2,6.53,0.03,774,None,DMF,100.0,20.79
41.45,0.849,48.66,4.72,1.52,758,B,THF,100.0,21.04
87.66,1.64,40.95,3.09,1.84,215,A,DMF,100.0,29.06
58.5,0.818,12.5,2.67,1.92,1061,A,THF,100.0,24.28
109.91,1.108,39.24,3.51,0.15,820,A,MeCN,100.0,24.61
60.29,1.228,29.53,1.75,0.76,945,A,MeCN,100.0,16.48
88.86,0.141,26.92,4.12,1.05,694,C,MeCN,100.0,17.44
84.28,1.079,7.62,9.17,0.45,818,C,MeCN,100.0,19.9
71.69,0.755,31.58,8.57,1.05,457,A,THF,100.0,20.86
94.21,0.9,6.9,4.66,0.18,1174,A,DMF,100.0,17.69
98.06,0.291,10.69,6.39,0.28,601,B,MeCN,100.0,20.08
85.36,1.587,8.82,6.32,1.67,362,B,THF,100.0,18.11
100.67,1.891,57.29,8.54,0.66,256,None,MeCN,100.0,31.83
118.67,0.142,17.81,3.51,1.78,836,B,IPA,96.43,29.18
73.54,1.243,21.96,4.02,0.12,1183,C,DMF,100.0,15.13
81.17,1.551,20.0,4.07,1.41,1096,C,DMF,100.0,17.85
41.0,0.641,54.0,1.85,0.98,902,B,DMF,98.06,26.46
103.68,1.596,34.21,4.17,1.99,1191,A,IPA,100.0,27.12
81.62,1.301,55.23,8.96,1.96,923,A,DMF,100.0,30.43
72.64,1.865,18.7,9.25,0.94,539,B,DMF,96.33,20.17
47.53,1.964,7.78,2.43,1.56,801,A,IPA,88.47,23.98
111.17,0.18,33.82,5.39,0.57,280,None,IPA,93.82,26.57
71.6,0.945,21.39,4.74,1.45,422,B,MeCN,100.0,10.43
94.61,1.139,48.31,5.66,0.2,618,None,DMF,100.0,23.11
51.95,0.379,52.89,6.22,1.09,402,C,MeCN,100.0,22.99
116.92,0.739,28.88,1.67,0.46,1154,A,IPA,100.0,23.22
54.28,1.977,58.31,8.66,2.21,1196,A,IPA,90.88,34.42
55.96,0.131,33.63,9.78,1.11,571,None,MeCN,82.65,22.1
108.72,0.96,16.98,7.05,1.48,909,None,DMF,100.0,24.63
113.01,1.701,29.85,7.11,0.9,608,C,THF,100.0,28.46
56.97,0.715,3.2,5.99,0.72,340,B,MeCN,100.0,16.14
77.58,1.012,48.44,4.34,0.51,537,C,MeCN,100.0,18.75
98.68,1.958,6.98,2.77,2.28,433,C,MeCN,100.0,29.49
110.27,1.002,19.22,6.46,2.0,528,None,DMF,100.0,25.87
70.32,0.349,34.35,1.88,0.33,415,A,IPA,100.0,23.19
81.36,0.198,3.54,8.51,1.87,312,C,THF,100.0,23.77
99.34,1.896,5.68,5.08,1.05,417,A,MeCN,100.0,19.79
98.49,0.605,42.07,5.03,0.04,1106,B,MeCN,100.0,19.32
102.64,1.058,5.23,4.28,1.32,285,B,THF,100.0,23.72
85.59,0.272,29.15,9.74,0.33,525,B,MeCN,100.0,18.52
48.37,0.905,20.98,2.99,0.52,728,C,THF,100.0,15.74
112.32,1.867,14.46,2.79,1.74,555,C,DMF,96.02,32.79
109.25,1.055,12.14,2.91,0.64,718,B,IPA,100.0,25.53
103.85,1.945,46.04,7.1,2.23,243,B,THF,100.0,33.45
47.99,0.592,57.14,9.93,1.64,849,A,DMF,100.0,30.26
56.35,1.059,9.27,3.5,2.08,763,None,DMF,83.58,20.82
99.49,1.733,57.62,9.2,1.54,881,B,MeCN,100.0,36.88
41.85,0.952,36.09,3.87,2.17,767,None,MeCN,100.0,19.22
118.34,0.631,38.86,7.01,0.9,638,B,DMF,100.0,26.34
70.17,1.725,42.89,1.84,1.37,550,A,DMF,99.83,24.98
97.55,0.841,42.54,5.71,1.29,426,C,IPA,100.0,26.38
111.01,1.108,49.37,7.06,2.26,700,C,THF,100.0,32.14
71.57,1.955,29.52,6.06,0.41,226,B,THF,100.0,16.79
65.53,0.454,32.47,3.52,1.45,528,B,THF,100.0,23.89
88.7,0.673,20.11,8.54,1.89,878,A,DMF,100.0,22.8
86.48,0.159,7.21,9.75,0.93,309,A,IPA,100.0,14.68
72.73,0.844,40.21,5.4,2.17,263,None,DMF,100.0,22.7
88.14,0.48,2.98,6.91,0.93,852,None,MeCN,100.0,14.62
114.83,1.392,17.26,8.22,0.43,598,B,MeCN,100.0,24.28
77.41,0.445,6.56,3.55,1.46,1002,C,DMF,100.0,16.84
55.74,1.382,12.25,8.85,1.05,1137,None,MeCN,97.49,21.22
70.18,0.601,38.69,3.88,0.04,1157,A,DMF,100.0,19.64
71.53,0.775,38.08,8.09,0.17,626,B,IPA,100.0,18.78
50.49,0.763,25.84,2.45,0.49,464,B,IPA,100.0,22.61
53.03,1.462,6.32,3.95,1.92,809,B,MeCN,94.92,20.68
94.76,0.986,26.57,6.04,2.23,828,B,DMF,100.0,21.0
67.16,0.786,21.81,5.96,1.36,822,None,IPA,100.0,14.6
116.39,1.72,43.51,8.73,0.26,522,A,MeCN,100.0,34.05
59.49,1.187,35.16,9.97,1.34,264,A,IPA,100.0,24.87
47.91,0.506,30.0,2.41,2.14,410,None,MeCN,93.8,27.08
100.28,1.81,29.73,3.81,1.87,354,A,DMF,98.63,27.35
110.48,0.751,58.01,4.54,0.73,324,A,MeCN,100.0,29.52
62.25,0.174,45.62,5.57,0.31,1126,C,IPA,100.0,20.34
56.17,1.04,30.32,5.7,2.25,214,A,IPA,100.0,19.76
54.86,0.335,29.27,8.78,2.14,802,C,MeCN,100.0,23.66
81.76,0.553,2.56,8.05,0.13,1147,B,MeCN,100.0,13.64
77.47,1.52,56.61,1.66,2.06,560,B,THF,100.0,27.45
60.76,0.348,19.83,5.37,0.24,727,C,IPA,100.0,15.22
43.61,1.633,16.1,6.75,0.16,896,C,MeCN,100.0,15.23
78.52,1.88,59.97,5.41,1.9,517,None,MeCN,99.55,22.16
116.75,1.252,43.4,2.61,1.34,678,A,DMF,100.0,35.01
92.2,1.45,3.79,4.88,1.04,1017,B,THF,100.0,16.39
79.64,1.456,4.65,5.0,2.26,945,C,THF,100.0,18.15
48.86,1.986,2.5,3.1,2.1,1008,None,DMF,68.21,23.19
60.19,0.749,36.38,7.93,0.14,1187,A,MeCN,100.0,18.51
63.58,0.409,5.22,4.23,1.54,570,None,THF,89.61,15.42
101.18,1.086,56.07,6.51,1.93,947,None,DMF,100.0,32.35
110.14,1.113,56.28,5.88,1.38,803,C,MeCN,100.0,30.11
112.13,0.438,33.22,8.96,2.46,867,None,THF,97.21,33.04
118.77,1.265,37.38,2.54,1.72,940,C,DMF,100.0,34.11
118.59,0.127,18.22,2.47,0.26,950,C,THF,100.0,29.95
116.24,1.863,4.77,4.05,0.5,1086,C,MeCN,100.0,20.55
45.75,0.603,44.51,5.17,2.07,549,None,THF,87.87,21.64
51.02,0.175,7.01,4.04,2.49,853,None,DMF,67.48,23.32
64.36,0.306,6.05,7.99,0.25,480,A,MeCN,100.0,17.31
84.23,0.556,19.36,3.58,0.25,795,B,THF,100.0,16.21
47.76,0.62,1.74,2.22,1.91,951,C,THF,98.81,23.62
107.66,0.162,26.61,5.02,0.16,991,A,IPA,100.0,22.22
89.34,0.631,42.75,8.07,0.17,620,None,MeCN,100.0,21.6
83.39,0.467,48.28,8.73,2.22,709,C,MeCN,100.0,30.09
53.22,0.819,36.65,7.73,2.0,534,C,DMF,100.0,26.23
60.26,0.832,50.97,6.24,2.2,369,B,DMF,100.0,27.44
52.82,0.744,24.98,7.66,1.63,461,B,IPA,100.0,18.49
108.15,0.723,51.08,7.29,0.81,1112,C,DMF,100.0,31.82
86.74,0.27,30.88,3.49,2.27,509,A,DMF,100.0,22.8
98.81,0.148,14.16,6.18,0.75,1175,None,THF,100.0,18.55
63.68,0.484,56.7,8.05,0.69,441,B,THF,100.0,24.97
69.7,1.538,17.22,4.2,2.22,923,A,DMF,100.0,20.33
72.39,1.983,2.55,7.06,1.7,774,C,THF,100.0,18.3
100.8,1.864,15.32,5.59,2.24,897,C,DMF,100.0,24.27
101.79,1.058,22.63,5.78,0.39,844,A,DMF,100.0,21.81
56.55,1.11,21.73,2.27,2.38,907,A,MeCN,100.0,24.96
115.32,0.698,31.96,7.16,1.53,1106,A,THF,100.0,26.45
49.65,1.57,53.1,8.86,1.67,763,B,THF,87.86,30.18
111.69,1.553,18.25,2.7,2.29,268,B,DMF,96.27,33.7
48.03,1.704,31.73,4.61,0.95,471,B,IPA,89.57,17.08
61.16,1.801,21.07,1.91,1.8,908,B,DMF,86.33,21.37
107.72,0.925,49.48,1.75,1.6,694,C,IPA,100.0,35.48
54.36,1.557,10.3,9.91,1.97,749,A,IPA,99.54,22.86
73.09,1.632,7.11,5.69,2.24,797,None,MeCN,94.42,19.77
75.99,0.686,30.68,4.52,1.7,583,C,IPA,100.0,14.15
59.62,1.866,40.64,3.84,0.17,974,C,DMF,96.73,20.16
96.82,0.279,47.94,9.83,0.46,924,B,THF,100.0,27.24
108.11,1.989,35.79,3.64,2.38,914,A,THF,99.97,29.71
109.97,1.563,46.66,7.67,2.42,915,A,DMF,98.96,34.65
67.15,0.277,24.17,3.91,2.42,1090,A,IPA,100.0,22.74
82.47,1.347,2.94,2.1,0.09,795,None,THF,100.0,18.12
59.87,0.165,7.85,7.31,0.96,1167,B,IPA,100.0,15.54
59.58,1.563,3.28,1.51,1.9,319,A,DMF,91.74,19.55
52.9,1.619,20.41,7.24,1.88,832,A,IPA,96.74,18.02
115.2,1.245,30.23,3.63,0.21,917,B,DMF,100.0,24.03
111.04,1.728,22.02,7.84,1.52,677,C,THF,100.0,27.43
102.19,0.286,34.08,8.04,0.36,488,None,DMF,93.49,26.48
81.41,0.624,29.36,7.65,1.23,750,C,DMF,100.0,13.94
79.25,0.887,41.0,1.71,0.6,565,B,DMF,100.0,19.96
82.38,0.181,40.35,7.48,0.13,1109,C,IPA,100.0,20.02
82.93,0.952,19.77,9.92,0.2,557,A,THF,100.0,19.33
74.77,0.604,21.43,3.56,2.28,376,C,IPA,100.0,15.41
50.54,0.846,35.52,3.83,1.86,776,B,MeCN,100.0,19.8
50.05,0.908,36.19,8.41,2.33,596,B,THF,100.0,24.32
116.18,1.771,19.57,2.86,1.17,296,B,IPA,98.81,30.17
78.56,0.614,20.49,7.11,1.03,765,A,IPA,100.0,12.63
116.26,1.798,41.95,7.92,0.9,738,B,MeCN,100.0,33.68
53.09,0.909,39.2,1.82,1.54,373,C,THF,100.0,25.25
84.35,0.723,8.97,6.21,0.88,798,C,THF,100.0,12.82
56.62,1.055,27.02,6.39,1.87,767,None,MeCN,100.0,21.86
60.25,0.894,53.67,4.08,2.0,974,B,THF,100.0,25.66
42.4,0.589,3.14,8.95,2.19,562,C,MeCN,100.0,22.87
49.52,1.055,51.45,2.88,0.61,449,B,MeCN,100.0,24.32
113.35,0.388,10.63,4.6,1.32,1151,A,IPA,100.0,22.15
65.72,0.769,30.93,8.71,0.56,761,A,IPA,100.0,18.86
88.65,1.175,26.04,3.12,0.09,227,B,DMF,100.0,23.03
77.2,0.885,1.6,8.48,1.77,1021,B,MeCN,100.0,21.04
72.04,1.665,55.01,2.17,1.37,397,A,IPA,100.0,29.38
82.55,0.588,27.84,5.66,1.81,986,A,THF,100.0,15.83
54.98,1.943,57.3,2.14,0.22,905,A,MeCN,94.36,29.76
119.09,1.591,17.92,7.26,2.49,1169,None,DMF,91.39,26.24
105.46,1.938,52.11,8.22,2.49,1166,None,THF,83.54,34.6
99.33,1.692,55.42,8.72,1.16,474,None,DMF,88.1,34.34
77.5,0.37,33.85,9.84,2.17,966,A,DMF,100.0,27.36
52.23,1.1,12.96,7.21,0.61,517,B,MeCN,100.0,18.58
113.65,0.423,41.43,8.04,1.84,829,A,IPA,100.0,33.4
67.31,1.655,33.39,5.8,2.2,798,C,THF,100.0,18.26
44.01,1.21,56.73,9.26,2.04,255,None,MeCN,96.57,27.36
67.39,0.601,26.92,6.97,2.03,205,A,IPA,100.0,18.97
103.56,1.866,16.84,9.01,1.16,258,None,THF,90.85,29.79
89.82,0.319,9.16,3.5,2.05,328,A,DMF,100.0,24.32
100.07,1.171,42.22,5.72,1.73,458,B,IPA,100.0,28.91
103.49,1.47,58.47,7.7,0.33,1107,A,DMF,100.0,30.96
56.96,0.212,2.67,3.22,0.29,719,A,THF,88.23,20.48
113.9,1.236,44.69,3.3,1.93,997,B,MeCN,100.0,32.75
75.04,1.65,55.69,9.81,1.56,1038,C,IPA,100.0,28.23
91.12,0.228,5.41,5.19,1.3,935,None,DMF,97.64,17.6
40.18,1.073,7.5,3.05,2.27,591,None,MeCN,95.86,21.65
119.47,0.591,41.83,4.32,1.65,1064,None,MeCN,100.0,30.44
62.47,1.36,39.23,4.88,0.99,942,B,IPA,100.0,18.68
44.97,0.325,5.06,6.8,1.03,943,C,DMF,93.65,16.93
76.66,1.88,50.23,9.35,1.51,1102,None,THF,92.87,25.74
50.32,1.8,31.88,9.89,1.9,799,None,MeCN,79.84,22.62
52.19,0.453,54.52,7.04,1.41,729,B,IPA,98.5,25.1
90.58,0.714,52.8,7.45,1.27,1090,C,DMF,100.0,22.89
71.43,1.217,48.94,4.24,1.82,654,B,MeCN,100.0,21.87
113.75,1.464,31.44,8.79,1.76,1012,C,THF,100.0,32.15
65.53,0.941,15.85,3.35,2.08,254,B,IPA,100.0,22.58
98.09,0.397,30.85,2.4,0.16,201,None,DMF,99.33,26.78
76.89,0.298,6.95,9.77,1.89,728,A,DMF,97.12,23.82
92.8,2.0,39.87,8.85,1.28,274,C,DMF,100.0,29.65
87.98,0.965,8.9,4.08,0.19,1177,B,MeCN,100.0,11.96
77.82,1.758,31.16,7.24,1.7,206,None,IPA,99.25,19.89
116.0,1.017,4.21,5.47,1.79,918,None,THF,100.0,26.47
67.42,1.852,18.67,4.25,1.31,443,B,IPA,100.0,18.76
54.18,0.267,14.69,3.94,1.98,1168,A,THF,91.12,20.75
94.25,0.317,37.58,2.66,0.75,582,B,THF,100.0,23.41
107.68,1.866,47.42,6.17,0.5,227,A,IPA,100.0,25.49
43.22,1.9,4.38,5.3,0.88,227,A,MeCN,100.0,14.0
75.97,0.698,51.17,5.85,1.03,753,B,DMF,100.0,16.07
111.4,0.775,51.79,3.33,1.74,1187,None,DMF,94.09,38.83
99.97,0.96,21.19,9.48,2.11,1180,A,DMF,100.0,30.12
119.34,0.891,39.88,6.93,1.8,537,A,IPA,100.0,28.84
82.51,0.461,24.75,9.15,0.43,683,C,IPA,100.0,16.66
92.8,1.807,10.1,2.43,0.92,300,B,IPA,100.0,25.19
64.2,0.581,32.19,6.79,0.4,722,A,MeCN,100.0,13.21
115.8,1.44,6.1,8.72,1.72,800,A,MeCN,100.0,29.62
69.31,0.228,52.83,4.31,0.62,451,None,IPA,87.23,19.58
99.08,0.174,55.53,3.16,1.31,812,None,DMF,85.18,34.35
72.25,1.342,49.48,3.75,1.98,1100,A,MeCN,100.0,25.76
84.95,0.744,34.19,3.82,1.68,201,C,THF,100.0,22.02
97.58,1.345,33.9,5.3,0.75,429,None,THF,100.0,23.04
80.71,0.279,59.09,4.27,0.83,410,None,IPA,100.0,21.89
112.57,1.905,15.63,3.81,1.63,324,B,DMF,100.0,29.93
73.54,1.522,5.48,7.01,1.37,366,None,MeCN,95.12,14.91
91.77,1.765,34.15,1.95,0.24,826,C,DMF,100.0,19.41
67.39,0.359,20.4,4.39,2.18,303,C,THF,100.0,16.83
72.65,0.708,20.02,7.36,1.28,939,C,IPA,100.0,13.9
75.2,0.8,1.42,2.99,1.18,1087,A,DMF,100.0,17.95
50.06,1.121,36.18,3.38,0.5,1127,A,IPA,100.0,18.2
47.34,0.664,16.58,3.21,0.94,860,A,DMF,100.0,18.5
93.4,0.215,12.08,1.51,0.83,397,None,MeCN,100.0,21.1
92.44,0.801,3.39,5.53,0.68,285,B,MeCN,100.0,17.99
93.03,0.584,22.5,1.83,1.42,432,C,THF,100.0,19.96
41.58,0.833,52.86,3.82,1.16,1162,A,DMF,100.0,20.74
66.12,0.474,20.86,9.96,2.22,1162,None,MeCN,100.0,19.64
55.82,0.598,41.07,9.31,2.35,582,B,DMF,96.78,30.86
102.25,1.291,45.64,3.33,0.55,526,A,DMF,100.0,29.77
108.85,0.837,20.36,4.14,0.25,710,C,IPA,100.0,19.57
59.73,0.756,49.48,5.44,1.96,492,C,DMF,100.0,26.13
93.43,1.114,41.82,8.68,2.49,1180,C,DMF,100.0,31.99
50.35,1.567,34.0,8.32,2.16,421,A,MeCN,100.0,26.18
62.01,0.82,1.06,2.57,0.06,569,C,DMF,100.0,17.6
51.09,1.216,3.07,2.56,0.63,629,None,THF,84.65,21.23
62.68,1.936,59.46,5.04,0.11,325,A,MeCN,100.0,21.58
93.98,1.092,47.15,8.9,2.05,583,A,THF,100.0,32.26
112.83,1.829,56.32,9.0,1.45,1057,C,THF,98.29,37.43
56.2,1.608,54.24,2.41,1.28,340,B,DMF,85.19,33.21
83.37,0.212,2.21,6.38,1.39,784,A,DMF,100.0,17.51
96.11,0.915,47.72,2.82,0.63,607,None,IPA,100.0,30.63
116.23,1.427,27.62,7.33,1.5,371,C,IPA,100.0,29.68
88.8,1.975,47.58,9.29,0.08,212,B,MeCN,100.0,26.96
60.41,0.971,1.4,5.37,1.62,473,C,MeCN,100.0,15.57
90.04,0.276,18.0,2.21,1.84,262,A,THF,100.0,27.32
65.64,1.168,45.33,6.42,1.68,577,None,DMF,93.51,23.89
118.09,0.34,47.79,4.97,0.83,1010,A,MeCN,100.0,33.55
71.97,1.528,37.56,8.39,2.07,920,B,THF,100.0,25.55
94.83,1.065,18.77,4.39,1.79,1147,None,THF,100.0,21.99
41.86,1.475,19.31,8.94,0.32,627,None,MeCN,92.57,19.3
72.0,1.752,58.04,3.83,0.49,908,C,MeCN,100.0,20.97
110.01,1.295,26.91,2.84,1.59,865,B,IPA,100.0,30.3
88.82,1.264,27.38,4.11,0.72,417,A,THF,100.0,17.15
75.52,1.534,33.59,1.8,0.3,504,B,IPA,100.0,19.28
114.87,1.701,25.16,3.89,0.39,730,B,DMF,93.08,26.48
108.32,1.751,33.61,7.11,0.41,997,None,IPA,95.36,25.23
65.78,0.169,26.51,2.71,1.19,662,A,MeCN,100.0,21.35
83.56,1.157,49.78,2.45,1.52,428,A,MeCN,100.0,27.81
79.19,0.511,54.63,2.63,0.44,1193,None,IPA,100.0,22.84
90.58,1.735,55.99,2.16,1.78,316,None,IPA,96.62,35.5
66.73,1.332,34.29,8.93,0.7,1156,A,THF,100.0,20.75
59.54,0.898,27.09,9.52,0.78,1009,B,IPA,100.0,21.61
113.01,0.457,42.61,1.9,0.56,1039,B,MeCN,100.0,30.86
113.91,0.744,50.46,7.96,1.96,995,C,MeCN,100.0,35.16
107.47,1.437,34.22,7.77,2.4,408,A,THF,100.0,31.2
118.26,0.488,42.3,9.97,1.23,833,B,IPA,100.0,30.67
99.6,0.278,45.23,4.46,0.11,957,C,THF,100.0,22.9
101.17,1.787,40.91,3.93,0.65,946,B,DMF,99.36,29.34
101.01,1.552,45.02,5.35,0.4,472,C,IPA,100.0,25.32
78.45,0.48,13.31,8.78,2.11,381,None,THF,100.0,24.95
76.52,0.655,30.4,7.69,0.21,528,C,DMF,100.0,18.1
59.22,1.947,35.71,5.51,2.42,680,B,MeCN,100.0,20.98
91.59,1.446,1.15,3.58,1.47,774,B,THF,100.0,21.69
63.15,1.26,51.5,7.68,1.29,1037,None,IPA,98.25,25.39
60.62,0.684,36.99,8.76,2.12,969,B,THF,100.0,24.62
86.88,0.668,8.62,4.9,0.07,876,C,THF,100.0,12.14
72.8,0.175,49.17,7.18,1.94,463,B,MeCN,100.0,25.26
57.51,1.484,43.31,4.9,0.29,679,None,MeCN,91.85,18.84
105.28,0.182,45.74,5.57,2.1,535,A,MeCN,100.0,30.8
108.85,0.109,24.13,5.96,1.32,435,B,MeCN,100.0,24.26
53.42,1.486,51.4,8.09,0.15,210,C,MeCN,100.0,29.07
40.6,1.903,25.43,9.81,2.08,539,A,THF,99.69,19.62
66.89,1.537,34.66,5.28,0.07,456,C,DMF,100.0,16.49
103.8,0.996,1.04,4.41,0.35,772,C,IPA,100.0,18.94
107.13,1.023,39.05,4.68,1.99,262,A,DMF,100.0,28.35
51.07,0.929,43.37,2.64,1.16,471,None,THF,90.22,26.54
101.95,0.717,34.46,4.02,2.2,245,C,DMF,100.0,28.51
49.26,1.091,30.3,2.23,1.59,841,B,THF,100.0,25.29
71.21,0.919,48.79,5.14,1.56,768,C,MeCN,100.0,21.05
119.89,1.237,41.2,2.92,0.73,537,C,THF,100.0,33.41
55.41,1.806,17.41,4.44,0.33,347,A,THF,93.88,18.72
52.32,1.991,57.59,8.25,2.4,1158,None,THF,71.6,33.44
73.82,0.25,42.73,3.59,0.26,784,C,DMF,100.0,18.77
89.57,0.831,59.29,6.7,1.32,879,B,MeCN,100.0,24.59
114.63,0.443,58.3,9.16,0.68,731,None,THF,88.72,36.74
118.47,0.769,55.22,6.32,0.66,1007,B,DMF,100.0,27.68
45.57,0.646,45.57,3.15,1.49,1096,None,MeCN,95.92,22.89
51.04,0.432,36.96,4.43,1.99,583,A,IPA,100.0,18.84
103.26,1.552,11.16,6.52,1.94,890,A,DMF,100.0,26.07
61.65,1.043,33.06,5.81,2.17,430,A,MeCN,100.0,20.3
110.79,1.847,46.16,2.76,0.73,852,B,MeCN,100.0,31.34
93.08,0.162,31.73,5.3,1.16,599,C,DMF,100.0,22.06
48.95,0.227,52.23,6.12,0.02,207,A,MeCN,100.0,21.87
106.6,0.866,7.47,3.77,1.87,1156,B,THF,100.0,28.16
54.11,0.253,23.48,6.71,0.76,1068,C,DMF,94.21,17.29
73.88,0.599,30.85,2.1,1.4,491,B,IPA,100.0,19.4
84.17,1.973,26.51,4.36,0.42,1198,A,IPA,100.0,15.46
80.06,0.497,7.41,8.34,2.05,517,B,IPA,100.0,22.48
94.89,0.476,10.06,3.7,2.04,659,A,IPA,100.0,22.34
92.21,1.19,50.42,6.64,2.19,1051,A,IPA,100.0,24.2
119.36,1.046,29.58,4.99,0.11,505,B,THF,100.0,22.31
119.95,1.203,3.87,4.19,2.48,651,A,DMF,100.0,25.71
81.32,0.816,1.97,9.29,0.62,866,None,DMF,100.0,20.31
47.62,1.671,28.94,4.42,0.77,330,C,DMF,89.52,15.94
98.23,0.363,10.7,3.51,0.62,622,B,MeCN,100.0,24.2
118.13,0.914,42.6,9.23,0.67,509,None,IPA,100.0,28.31
65.47,1.411,47.92,7.84,1.38,877,A,DMF,100.0,26.52
76.9,1.75,14.47,7.3,0.6,336,A,THF,100.0,17.67
73.98,0.802,35.94,1.92,0.98,433,C,IPA,100.0,18.07
44.11,1.179,10.11,2.62,1.64,911,C,IPA,100.0,21.45
93.78,0.231,18.91,6.93,2.09,356,B,MeCN,100.0,20.84
68.27,0.424,53.44,3.28,1.73,622,A,IPA,100.0,26.63
103.0,0.231,33.1,3.42,1.49,913,None,IPA,90.58,29.21
106.57,1.483,53.27,8.12,0.37,965,None,IPA,94.84,30.01
105.7,0.647,14.29,3.93,2.04,295,None,THF,100.0,26.23
73.33,1.475,20.47,2.11,0.09,1052,C,IPA,100.0,18.12
65.72,0.226,28.79,1.81,0.66,924,None,MeCN,93.33,18.29
99.91,1.739,29.32,5.27,0.14,539,B,DMF,100.0,19.24
104.11,1.688,59.86,6.75,1.67,964,C,IPA,100.0,34.19
79.3,0.269,7.75,8.89,0.92,928,A,IPA,100.0,21.12
111.44,0.145,51.27,2.44,1.63,801,B,THF,95.71,36.59
51.51,0.207,51.96,3.17,0.87,758,C,THF,89.54,24.52
110.33,1.722,33.64,6.0,1.14,935,A,THF,100.0,24.56
47.69,0.546,21.3,4.59,1.14,1199,A,MeCN,100.0,16.7
52.28,1.142,31.63,5.6,0.11,779,None,THF,92.63,16.25
82.71,0.91,18.26,9.36,1.08,1009,A,MeCN,100.0,20.5
45.4,1.611,48.15,6.13,1.6,944,C,DMF,91.63,23.25
44.22,1.029,30.4,5.03,1.37,1056,B,IPA,100.0,14.43
40.04,1.051,55.62,9.91,0.19,1155,None,IPA,97.17,24.37
74.91,1.979,37.74,2.05,1.67,393,B,IPA,100.0,23.84
101.97,0.385,31.34,9.42,0.77,365,B,IPA,100.0,27.86
42.79,1.678,42.95,5.76,0.04,786,None,THF,81.7,15.43
92.18,0.198,30.73,5.78,0.39,649,C,IPA,100.0,15.84
105.85,1.008,54.37,9.34,1.24,771,None,MeCN,100.0,36.92
53.44,1.784,11.88,5.81,0.78,998,A,THF,100.0,15.09
51.75,1.364,58.43,5.23,1.74,1132,A,IPA,98.37,27.72
108.86,1.402,48.92,3.82,0.6,617,B,MeCN,100.0,24.97
105.85,0.6,51.78,7.1,1.93,918,C,DMF,100.0,31.71
83.12,0.895,29.49,6.34,0.72,397,None,IPA,100.0,13.6
105.54,0.797,50.39,3.32,1.55,735,A,THF,100.0,37.36
47.42,1.091,19.1,7.53,2.0,222,A,MeCN,100.0,17.81
71.56,0.978,45.95,6.97,0.96,704,C,IPA,100.0,20.07
99.02,0.721,9.29,4.88,0.12,745,C,IPA,100.0,19.43
60.6,0.68,19.12,1.54,1.34,935,A,MeCN,100.0,18.03
100.19,0.577,27.3,5.3,2.49,849,B,DMF,100.0,23.96
80.33,0.794,20.02,1.55,2.42,558,C,IPA,100.0,19.29
100.02,0.385,23.83,2.14,0.55,206,C,THF,100.0,22.7
77.17,1.757,49.39,5.16,1.89,315,B,THF,100.0,22.88
69.43,1.244,16.14,2.2,0.86,1173,B,IPA,100.0,20.63
57.54,0.354,44.97,3.84,0.4,1122,C,THF,99.51,22.37
56.67,1.418,5.35,7.07,1.66,525,None,THF,92.41,19.7
100.12,1.711,46.18,4.12,1.25,459,A,MeCN,100.0,29.01
49.51,0.551,47.73,9.98,1.35,636,B,THF,99.4,27.71
46.88,0.386,24.7,9.29,2.07,890,None,MeCN,91.7,25.52
54.1,0.116,43.63,6.48,0.84,557,B,IPA,96.02,20.37
54.03,0.19,54.99,9.72,1.67,267,C,IPA,96.65,33.58
105.85,1.548,48.24,8.88,0.92,603,None,IPA,95.38,37.02
71.88,1.976,24.04,4.21,0.11,461,C,MeCN,100.0,14.36
119.23,0.185,29.57,7.87,0.95,525,A,THF,100.0,26.73
50.98,1.521,46.98,2.66,2.38,363,C,IPA,92.69,29.2
92.28,0.237,18.26,7.32,1.21,859,B,MeCN,100.0,18.52
75.9,1.225,48.43,5.67,0.27,727,None,MeCN,100.0,17.99
71.43,1.537,20.36,1.64,1.72,471,B,THF,100.0,17.08
110.01,0.782,48.55,3.83,2.41,754,None,THF,100.0,34.24
118.05,0.121,6.12,9.62,2.27,693,None,THF,80.58,34.29
109.83,1.231,3.62,4.18,1.43,996,C,THF,100.0,25.41
55.38,1.983,59.86,3.04,0.94,1156,C,DMF,84.45,27.76
57.66,0.589,52.3,3.09,1.45,331,None,DMF,84.72,28.51
92.49,0.46,53.09,5.57,2.04,1084,A,DMF,100.0,28.34
63.13,0.335,57.13,8.66,2.15,905,None,DMF,81.17,31.82
98.78,1.155,26.86,7.94,2.05,893,A,DMF,100.0,28.31
